ORIGIN,DEST,Count
ABE,ATL,67
ABE,CLT,85
ABE,DTW,87
ABE,FLL,4
ABE,ORD,45
ABE,PGD,9
ABE,PIE,11
ABE,SFB,31
ABI,DFW,170
ABQ,ATL,58
ABQ,AUS,25
ABQ,BWI,28
ABQ,DAL,143
ABQ,DEN,133
ABQ,DFW,219
ABQ,HOU,87
ABQ,IAH,127
ABQ,JFK,19
ABQ,LAS,104
ABQ,LAX,68
ABQ,MCI,28
ABQ,MCO,14
ABQ,MDW,34
ABQ,MSP,3
ABQ,OAK,55
ABQ,ORD,89
ABQ,PHX,298
ABQ,SAN,70
ABQ,SEA,31
ABQ,SFO,59
ABQ,SJC,5
ABQ,SLC,34
ABR,MSP,62
ABY,ATL,84
ACT,DFW,116
ACV,LAX,31
ACV,SFO,98
ACY,FLL,87
ACY,MCO,62
ACY,MYR,31
ACY,PBI,31
ACY,RSW,56
ACY,TPA,31
ADK,ANC,9
ADQ,ANC,53
AEX,ATL,109
AEX,DFW,88
AEX,IAH,58
AGS,ATL,224
AGS,CLT,115
ALB,ATL,85
ALB,BWI,145
ALB,CLT,88
ALB,DCA,115
ALB,DEN,3
ALB,DTW,48
ALB,EWR,25
ALB,FLL,60
ALB,IAD,1
ALB,MCO,108
ALB,MDW,56
ALB,MSP,2
ALB,ORD,143
ALB,PGD,13
ALB,PIE,13
ALB,RSW,12
ALB,SFB,13
ALB,TPA,34
ALO,ORD,54
AMA,DAL,116
AMA,DFW,177
AMA,IAH,68
AMA,LAS,31
AMA,PHX,31
ANC,ADK,9
ANC,ADQ,53
ANC,BET,70
ANC,CDV,30
ANC,DEN,37
ANC,FAI,194
ANC,HNL,31
ANC,JNU,119
ANC,KOA,15
ANC,LAX,27
ANC,MSP,21
ANC,OGG,17
ANC,OME,36
ANC,ORD,11
ANC,OTZ,57
ANC,PDX,68
ANC,PHX,23
ANC,SCC,62
ANC,SEA,437
APN,DTW,31
APN,PLN,22
ART,PHL,62
ASE,ATL,31
ASE,DEN,227
ASE,DFW,101
ASE,IAH,99
ASE,LAX,160
ASE,MSP,6
ASE,ORD,142
ASE,PHX,23
ASE,SFO,68
ASE,SLC,64
ATL,ABE,67
ATL,ABQ,58
ATL,ABY,84
ATL,AEX,109
ATL,AGS,225
ATL,ALB,85
ATL,ASE,31
ATL,ATW,57
ATL,AUS,287
ATL,AVL,195
ATL,AVP,27
ATL,BDL,191
ATL,BHM,253
ATL,BMI,85
ATL,BNA,412
ATL,BOS,522
ATL,BQK,84
ATL,BTR,175
ATL,BTV,31
ATL,BUF,117
ATL,BWI,508
ATL,BZN,8
ATL,CAE,245
ATL,CAK,87
ATL,CHA,271
ATL,CHO,135
ATL,CHS,277
ATL,CID,62
ATL,CLE,278
ATL,CLT,522
ATL,CMH,304
ATL,COS,23
ATL,CRW,117
ATL,CSG,83
ATL,CVG,198
ATL,DAB,119
ATL,DAL,296
ATL,DAY,113
ATL,DCA,599
ATL,DEN,435
ATL,DFW,559
ATL,DHN,115
ATL,DSM,85
ATL,DTW,451
ATL,ECP,146
ATL,EGE,31
ATL,ELM,1
ATL,ELP,60
ATL,EVV,84
ATL,EWN,56
ATL,EWR,519
ATL,EYW,155
ATL,FAR,5
ATL,FAY,141
ATL,FLL,785
ATL,FNT,87
ATL,FSD,26
ATL,FSM,54
ATL,FWA,116
ATL,GNV,193
ATL,GPT,141
ATL,GRB,30
ATL,GRR,136
ATL,GSO,221
ATL,GSP,309
ATL,GTR,83
ATL,HDN,31
ATL,HNL,31
ATL,HOU,336
ATL,HPN,140
ATL,HSV,194
ATL,IAD,321
ATL,IAH,433
ATL,ICT,85
ATL,ILM,137
ATL,IND,340
ATL,JAC,10
ATL,JAN,173
ATL,JAX,425
ATL,JFK,271
ATL,LAS,373
ATL,LAX,525
ATL,LEX,193
ATL,LFT,88
ATL,LGA,791
ATL,LIT,172
ATL,LNK,23
ATL,MCI,311
ATL,MCO,804
ATL,MDT,85
ATL,MDW,302
ATL,MEM,276
ATL,MGM,189
ATL,MHT,1
ATL,MIA,569
ATL,MKE,249
ATL,MLB,118
ATL,MLI,87
ATL,MLU,112
ATL,MOB,193
ATL,MSN,85
ATL,MSP,408
ATL,MSY,439
ATL,MTJ,6
ATL,MYR,88
ATL,OAJ,88
ATL,OAK,31
ATL,OKC,162
ATL,OMA,141
ATL,ORD,646
ATL,ORF,214
ATL,PBI,331
ATL,PDX,88
ATL,PHF,87
ATL,PHL,518
ATL,PHX,306
ATL,PIA,84
ATL,PIT,280
ATL,PNS,203
ATL,PSP,5
ATL,PVD,82
ATL,PWM,26
ATL,RDU,409
ATL,RIC,339
ATL,RNO,5
ATL,ROA,139
ATL,ROC,82
ATL,RST,31
ATL,RSW,297
ATL,SAN,174
ATL,SAT,250
ATL,SAV,254
ATL,SBN,114
ATL,SDF,223
ATL,SEA,206
ATL,SFO,267
ATL,SGF,117
ATL,SHV,150
ATL,SJC,83
ATL,SJU,115
ATL,SLC,227
ATL,SMF,84
ATL,SNA,88
ATL,SRQ,190
ATL,STL,336
ATL,STT,36
ATL,STX,15
ATL,SYR,82
ATL,TLH,171
ATL,TPA,576
ATL,TRI,166
ATL,TTN,18
ATL,TUL,133
ATL,TUS,56
ATL,TYS,255
ATL,VLD,87
ATL,VPS,149
ATL,XNA,161
ATW,ATL,57
ATW,AZA,9
ATW,DTW,103
ATW,LAS,8
ATW,MSP,105
ATW,ORD,81
ATW,PGD,8
ATW,PIE,9
ATW,SFB,10
AUS,ABQ,25
AUS,ATL,287
AUS,BNA,63
AUS,BOS,80
AUS,BWI,59
AUS,CLT,126
AUS,CMH,1
AUS,CVG,10
AUS,DAL,291
AUS,DCA,31
AUS,DEN,278
AUS,DFW,326
AUS,DTW,80
AUS,ELP,63
AUS,EWR,124
AUS,FLL,65
AUS,HOU,162
AUS,HRL,27
AUS,IAD,115
AUS,IAH,271
AUS,IND,7
AUS,JFK,200
AUS,LAS,136
AUS,LAX,311
AUS,LBB,28
AUS,LGB,31
AUS,MCI,28
AUS,MCO,107
AUS,MDW,71
AUS,MIA,85
AUS,MSP,59
AUS,MSY,61
AUS,OAK,31
AUS,ONT,2
AUS,ORD,211
AUS,PDX,28
AUS,PHL,75
AUS,PHX,236
AUS,RDU,3
AUS,SAN,117
AUS,SEA,78
AUS,SFB,1
AUS,SFO,198
AUS,SJC,137
AUS,SLC,88
AUS,SMF,27
AUS,SNA,17
AUS,STL,58
AUS,TPA,32
AVL,ATL,195
AVL,BWI,3
AVL,CLT,178
AVL,EWR,10
AVL,FLL,76
AVL,MCO,14
AVL,ORD,68
AVL,PGD,9
AVL,PIE,24
AVL,SFB,31
AVL,TPA,11
AVP,ATL,27
AVP,CLT,93
AVP,DTW,58
AVP,ORD,59
AZA,ATW,9
AZA,BIL,13
AZA,BIS,24
AZA,BLI,12
AZA,BLV,8
AZA,BOI,8
AZA,BZN,8
AZA,CID,14
AZA,CVG,9
AZA,DSM,8
AZA,EUG,10
AZA,FAR,29
AZA,FSD,29
AZA,FWA,5
AZA,GFK,12
AZA,GRI,9
AZA,GRR,16
AZA,GTF,10
AZA,ICT,9
AZA,IDA,10
AZA,LAS,9
AZA,MCI,8
AZA,MKE,4
AZA,MLI,9
AZA,MOT,13
AZA,MSO,10
AZA,OAK,9
AZA,OGD,8
AZA,OMA,9
AZA,PIA,13
AZA,PIE,1
AZA,PSC,10
AZA,PVU,29
AZA,RAP,17
AZA,RFD,10
AZA,SBN,8
AZA,SCK,8
AZA,SGF,10
AZA,SGU,8
AZA,STC,9
AZO,DTW,54
AZO,MSP,27
AZO,ORD,66
BDL,ATL,191
BDL,BWI,159
BDL,CLE,23
BDL,CLT,179
BDL,CVG,22
BDL,DCA,230
BDL,DEN,40
BDL,DFW,56
BDL,DTW,104
BDL,FLL,153
BDL,IAD,117
BDL,IAH,27
BDL,LAX,5
BDL,MCO,216
BDL,MDW,63
BDL,MIA,31
BDL,MSP,103
BDL,ORD,171
BDL,PBI,55
BDL,PHL,119
BDL,RDU,22
BDL,RSW,89
BDL,SJU,57
BDL,STL,31
BDL,TPA,127
BET,ANC,70
BFF,DEN,53
BFL,DEN,59
BFL,PHX,89
BFL,SFO,31
BGM,DTW,61
BGR,DCA,50
BGR,EWR,43
BGR,LGA,74
BGR,PIE,10
BGR,SFB,13
BHM,ATL,252
BHM,BWI,33
BHM,CLT,116
BHM,DAL,64
BHM,DCA,81
BHM,DEN,12
BHM,DFW,159
BHM,DTW,19
BHM,HOU,53
BHM,IAH,147
BHM,LAS,31
BHM,LGA,61
BHM,MCO,69
BHM,MDW,52
BHM,MIA,59
BHM,ORD,91
BHM,PHL,61
BHM,SFO,2
BHM,SJC,1
BHM,TPA,59
BIL,AZA,13
BIL,DEN,85
BIL,DFW,31
BIL,LAS,9
BIL,MSP,61
BIL,SLC,64
BIS,AZA,24
BIS,DEN,56
BIS,DFW,48
BIS,LAS,10
BIS,MSP,145
BIS,SFB,6
BJI,MSP,62
BLI,AZA,12
BLI,KOA,6
BLI,LAS,50
BLI,LAX,12
BLI,OAK,15
BLI,OGG,17
BLI,PSP,15
BLI,SAN,9
BLI,SEA,42
BLI,TUS,9
BLV,AZA,8
BLV,LAS,9
BLV,PGD,10
BLV,PIE,9
BLV,SFB,11
BLV,VPS,11
BMI,ATL,85
BMI,DFW,55
BMI,MCO,14
BMI,ORD,60
BMI,PIE,8
BMI,SFB,11
BNA,ATL,410
BNA,AUS,63
BNA,BOS,194
BNA,BWI,175
BNA,CHS,32
BNA,CLE,66
BNA,CLT,316
BNA,CMH,55
BNA,DAL,146
BNA,DCA,255
BNA,DEN,243
BNA,DFW,228
BNA,DTW,193
BNA,ECP,62
BNA,EWR,172
BNA,FLL,137
BNA,HOU,134
BNA,IAD,90
BNA,IAH,153
BNA,JAX,64
BNA,JFK,136
BNA,LAS,106
BNA,LAX,160
BNA,LGA,363
BNA,MCI,90
BNA,MCO,177
BNA,MDW,174
BNA,MIA,93
BNA,MKE,57
BNA,MSP,114
BNA,MSY,117
BNA,OAK,31
BNA,OKC,5
BNA,ORD,379
BNA,PGD,8
BNA,PHL,198
BNA,PHX,99
BNA,PIE,9
BNA,PIT,58
BNA,PNS,62
BNA,RDU,90
BNA,RIC,9
BNA,RSW,20
BNA,SAN,36
BNA,SAT,55
BNA,SEA,59
BNA,SFO,95
BNA,SLC,30
BNA,STL,66
BNA,TPA,122
BNA,TTN,2
BOI,AZA,8
BOI,DEN,184
BOI,DFW,61
BOI,GEG,53
BOI,IAH,31
BOI,LAS,71
BOI,LAX,112
BOI,MSP,51
BOI,OAK,64
BOI,ORD,67
BOI,PDX,56
BOI,PHX,94
BOI,SAN,62
BOI,SEA,219
BOI,SFO,155
BOI,SJC,62
BOI,SLC,193
BOI,SMF,33
BOS,ATL,522
BOS,AUS,80
BOS,BNA,194
BOS,BUF,153
BOS,BUR,31
BOS,BWI,417
BOS,CHS,34
BOS,CLE,148
BOS,CLT,326
BOS,CMH,103
BOS,CVG,103
BOS,DAL,31
BOS,DCA,644
BOS,DEN,229
BOS,DFW,215
BOS,DTW,260
BOS,EWR,397
BOS,FLL,250
BOS,HDN,9
BOS,HOU,58
BOS,IAD,133
BOS,IAH,92
BOS,IND,99
BOS,JAX,141
BOS,JFK,522
BOS,LAS,150
BOS,LAX,395
BOS,LGA,832
BOS,LGB,56
BOS,MCI,76
BOS,MCO,340
BOS,MDW,75
BOS,MIA,209
BOS,MKE,75
BOS,MSP,249
BOS,MSY,62
BOS,MYR,31
BOS,ORD,501
BOS,PBI,242
BOS,PDX,34
BOS,PHL,610
BOS,PHX,126
BOS,PIT,257
BOS,RDU,241
BOS,RIC,152
BOS,ROC,24
BOS,RSW,258
BOS,SAN,89
BOS,SAV,32
BOS,SEA,148
BOS,SFO,391
BOS,SJC,19
BOS,SJU,70
BOS,SLC,87
BOS,SMF,2
BOS,SRQ,52
BOS,STL,87
BOS,SYR,31
BOS,TPA,236
BPT,DFW,81
BQK,ATL,84
BQN,EWR,31
BQN,FLL,58
BQN,JFK,35
BQN,MCO,72
BRD,MSP,54
BRO,DFW,88
BRO,IAH,92
BRO,ORD,8
BRW,ANC,31
BRW,FAI,31
BTM,SLC,58
BTR,ATL,176
BTR,CLT,85
BTR,DCA,1
BTR,DFW,182
BTR,IAH,172
BTV,ATL,31
BTV,CLT,63
BTV,DCA,88
BTV,DTW,74
BTV,EWR,109
BTV,IAD,54
BTV,JFK,151
BTV,LGA,78
BTV,ORD,69
BUF,ATL,117
BUF,BOS,152
BUF,BWI,123
BUF,CLT,105
BUF,DCA,82
BUF,DEN,8
BUF,DFW,31
BUF,DTW,105
BUF,EWR,24
BUF,FLL,93
BUF,IAD,66
BUF,JFK,284
BUF,LAS,31
BUF,LAX,20
BUF,LGA,105
BUF,MCO,138
BUF,MDW,65
BUF,MIA,23
BUF,MSP,2
BUF,ORD,153
BUF,PHL,50
BUF,PHX,31
BUF,RSW,23
BUF,TPA,80
BUR,BOS,31
BUR,DAL,28
BUR,DEN,119
BUR,HOU,27
BUR,JFK,58
BUR,LAS,273
BUR,MDW,27
BUR,OAK,353
BUR,PDX,78
BUR,PHX,274
BUR,SEA,75
BUR,SFO,284
BUR,SJC,377
BUR,SLC,109
BUR,SMF,264
BWI,ABQ,28
BWI,ALB,145
BWI,ATL,510
BWI,AUS,59
BWI,AVL,3
BWI,BDL,158
BWI,BHM,33
BWI,BNA,172
BWI,BOS,417
BWI,BUF,123
BWI,CHS,95
BWI,CLE,87
BWI,CLT,310
BWI,CMH,87
BWI,CVG,163
BWI,DAL,120
BWI,DEN,200
BWI,DFW,115
BWI,DTW,228
BWI,FLL,384
BWI,GRR,31
BWI,HOU,99
BWI,IAH,89
BWI,IND,65
BWI,ISP,119
BWI,JAX,91
BWI,JFK,145
BWI,LAS,136
BWI,LAX,159
BWI,MCI,60
BWI,MCO,379
BWI,MDW,178
BWI,MEM,29
BWI,MHT,157
BWI,MIA,81
BWI,MKE,60
BWI,MSP,145
BWI,MSY,99
BWI,MYR,9
BWI,OAK,29
BWI,OKC,29
BWI,ORD,235
BWI,ORF,114
BWI,PBI,120
BWI,PHX,121
BWI,PIT,88
BWI,PVD,146
BWI,PWM,91
BWI,RDU,195
BWI,ROC,71
BWI,RSW,187
BWI,SAN,91
BWI,SAT,57
BWI,SAV,8
BWI,SDF,78
BWI,SEA,36
BWI,SFO,64
BWI,SJC,5
BWI,SJU,68
BWI,SLC,41
BWI,SMF,5
BWI,STL,95
BWI,TPA,228
BWI,VPS,2
BZN,ATL,8
BZN,AZA,8
BZN,DEN,138
BZN,DFW,36
BZN,EWR,31
BZN,IAH,12
BZN,LAS,9
BZN,LAX,35
BZN,LGB,9
BZN,MSP,64
BZN,ORD,74
BZN,SEA,2
BZN,SFO,37
BZN,SLC,118
CAE,ATL,245
CAE,CLT,174
CAE,DCA,85
CAE,DFW,59
CAE,IAD,6
CAE,IAH,31
CAE,LGA,25
CAK,ATL,87
CAK,CLT,143
CAK,DCA,31
CAK,EWR,54
CAK,IAH,31
CAK,LGA,26
CAK,MCO,25
CAK,ORD,60
CAK,PHL,62
CAK,RSW,14
CAK,TPA,11
CDC,SLC,54
CDV,ANC,30
CDV,YAK,30
CGI,ORD,27
CGI,PAH,47
CGI,UIN,5
CHA,ATL,271
CHA,CLT,185
CHA,DCA,28
CHA,DFW,66
CHA,DTW,41
CHA,IAD,1
CHA,LGA,24
CHA,ORD,130
CHA,PIE,8
CHA,SFB,9
CHO,ATL,133
CHO,CLT,171
CHO,LGA,103
CHO,ORD,62
CHS,ATL,277
CHS,BNA,32
CHS,BOS,34
CHS,BWI,95
CHS,CLT,270
CHS,CVG,9
CHS,DAL,27
CHS,DCA,163
CHS,DEN,11
CHS,DFW,63
CHS,DTW,3
CHS,EWR,62
CHS,FLL,31
CHS,HOU,31
CHS,IAD,70
CHS,IAH,63
CHS,JFK,123
CHS,LGA,91
CHS,MDW,40
CHS,MIA,85
CHS,ORD,99
CHS,PHL,2
CHS,SEA,22
CID,ATL,62
CID,AZA,14
CID,CLT,63
CID,DEN,73
CID,DFW,90
CID,DTW,76
CID,LAS,9
CID,MSP,82
CID,ORD,221
CID,PGD,9
CID,PIE,10
CID,SFB,13
CIU,DTW,27
CIU,MSP,31
CKB,IAD,27
CKB,ORD,31
CKB,SFB,9
CLE,ATL,278
CLE,BDL,23
CLE,BNA,66
CLE,BOS,148
CLE,BWI,87
CLE,CLT,202
CLE,DCA,219
CLE,DEN,139
CLE,DFW,102
CLE,DTW,140
CLE,EWR,135
CLE,FLL,99
CLE,IAD,80
CLE,IAH,130
CLE,JFK,190
CLE,LAS,93
CLE,LAX,86
CLE,LGA,391
CLE,MCO,118
CLE,MDW,123
CLE,MIA,85
CLE,MKE,49
CLE,MSP,104
CLE,MSY,11
CLE,ORD,374
CLE,PBI,14
CLE,PGD,5
CLE,PHL,88
CLE,PHX,62
CLE,PIE,5
CLE,RSW,90
CLE,SAN,9
CLE,SAV,2
CLE,SFO,36
CLE,SLC,1
CLE,SRQ,8
CLE,STL,58
CLE,TPA,52
CLL,DFW,122
CLL,IAH,57
CLT,ABE,85
CLT,AGS,115
CLT,ALB,88
CLT,ATL,521
CLT,AUS,126
CLT,AVL,178
CLT,AVP,93
CLT,BDL,179
CLT,BHM,116
CLT,BNA,313
CLT,BOS,326
CLT,BTR,84
CLT,BTV,63
CLT,BUF,104
CLT,BWI,310
CLT,CAE,174
CLT,CAK,143
CLT,CHA,185
CLT,CHO,171
CLT,CHS,270
CLT,CID,63
CLT,CLE,202
CLT,CMH,219
CLT,CMI,31
CLT,CRW,113
CLT,CVG,253
CLT,DAB,133
CLT,DAL,31
CLT,DAY,173
CLT,DCA,266
CLT,DEN,225
CLT,DFW,309
CLT,DSM,89
CLT,DTW,296
CLT,ECP,62
CLT,EVV,62
CLT,EWN,126
CLT,EWR,349
CLT,EYW,114
CLT,FAY,123
CLT,FLL,204
CLT,FWA,62
CLT,GNV,111
CLT,GPT,61
CLT,GRR,83
CLT,GSO,260
CLT,GSP,266
CLT,HHH,88
CLT,HOU,31
CLT,HPN,117
CLT,HSV,114
CLT,HVN,4
CLT,IAD,319
CLT,IAH,293
CLT,ILM,261
CLT,IND,237
CLT,ITH,4
CLT,JAN,109
CLT,JAX,233
CLT,JFK,337
CLT,LAS,147
CLT,LAX,186
CLT,LEX,88
CLT,LGA,494
CLT,LIT,104
CLT,LYH,49
CLT,MCI,113
CLT,MCO,327
CLT,MDT,112
CLT,MDW,62
CLT,MEM,194
CLT,MHT,86
CLT,MIA,245
CLT,MKE,151
CLT,MLB,93
CLT,MOB,18
CLT,MSN,62
CLT,MSP,217
CLT,MSY,205
CLT,MTJ,4
CLT,MYR,231
CLT,OAJ,174
CLT,OKC,62
CLT,OMA,82
CLT,ORD,383
CLT,ORF,262
CLT,PBI,167
CLT,PDX,27
CLT,PHF,26
CLT,PHL,289
CLT,PHX,248
CLT,PIA,62
CLT,PIT,246
CLT,PNS,128
CLT,PVD,119
CLT,PWM,82
CLT,RDU,265
CLT,RIC,266
CLT,ROA,26
CLT,ROC,103
CLT,RSW,169
CLT,SAN,89
CLT,SAT,141
CLT,SAV,239
CLT,SBN,62
CLT,SDF,207
CLT,SEA,84
CLT,SFO,127
CLT,SGF,93
CLT,SHV,62
CLT,SJU,70
CLT,SLC,55
CLT,SMF,28
CLT,SRQ,92
CLT,STL,174
CLT,STT,31
CLT,STX,4
CLT,SYR,111
CLT,TLH,116
CLT,TOL,62
CLT,TPA,306
CLT,TRI,1
CLT,TTN,14
CLT,TUL,62
CLT,TUS,27
CLT,TYS,170
CLT,VPS,111
CLT,XNA,111
CMH,ATL,304
CMH,AUS,1
CMH,BNA,55
CMH,BOS,103
CMH,BWI,87
CMH,CLT,219
CMH,DAL,35
CMH,DCA,196
CMH,DEN,103
CMH,DFW,105
CMH,DTW,167
CMH,EWR,88
CMH,FLL,75
CMH,HOU,31
CMH,IAD,88
CMH,IAH,120
CMH,JFK,110
CMH,LAS,87
CMH,LAX,76
CMH,LGA,312
CMH,MCO,145
CMH,MDW,141
CMH,MIA,87
CMH,MSP,87
CMH,MSY,7
CMH,OAK,3
CMH,ORD,382
CMH,PBI,8
CMH,PHL,125
CMH,PHX,85
CMH,RDU,22
CMH,RSW,92
CMH,STL,58
CMH,TPA,93
CMI,CLT,32
CMI,DFW,53
CMI,ORD,119
CMX,ORD,62
CNY,DEN,52
COD,DEN,60
COS,ATL,23
COS,DEN,170
COS,DFW,126
COS,IAH,80
COS,LAS,27
COS,LAX,58
COS,MCO,18
COS,ORD,122
COS,PHX,27
COS,SLC,62
COU,DEN,24
COU,DFW,62
COU,ORD,100
CPR,DEN,6
CPR,RAP,2
CPR,SLC,62
CRP,DFW,174
CRP,HOU,115
CRP,IAH,152
CRW,ATL,117
CRW,CLT,108
CRW,DCA,57
CRW,IAH,25
CRW,PHL,31
CSG,ATL,83
CVG,ATL,198
CVG,AUS,10
CVG,AZA,9
CVG,BDL,22
CVG,BOS,103
CVG,BWI,163
CVG,CHS,9
CVG,CLT,253
CVG,DCA,109
CVG,DEN,137
CVG,DFW,157
CVG,DTW,121
CVG,EWR,160
CVG,FLL,54
CVG,IAD,65
CVG,IAH,139
CVG,JAX,9
CVG,JFK,62
CVG,LAS,70
CVG,LAX,49
CVG,LGA,205
CVG,MCI,40
CVG,MCO,109
CVG,MDW,146
CVG,MIA,93
CVG,MSP,140
CVG,MSY,10
CVG,ORD,433
CVG,PGD,28
CVG,PHL,184
CVG,PHX,46
CVG,PIE,24
CVG,RDU,49
CVG,RSW,63
CVG,SAN,14
CVG,SAT,3
CVG,SAV,8
CVG,SEA,17
CVG,SFB,23
CVG,SFO,56
CVG,SJU,4
CVG,SLC,32
CVG,SRQ,10
CVG,STL,19
CVG,TPA,46
CVG,VPS,10
CWA,DTW,53
CWA,MSP,56
CWA,ORD,83
CYS,DFW,31
DAB,ATL,120
DAB,CLT,133
DAB,JFK,7
DAL,ABQ,143
DAL,AMA,116
DAL,ATL,296
DAL,AUS,291
DAL,BHM,63
DAL,BNA,146
DAL,BOS,31
DAL,BUR,28
DAL,BWI,120
DAL,CHS,27
DAL,CLT,31
DAL,CMH,35
DAL,DCA,146
DAL,DEN,213
DAL,DTW,31
DAL,ECP,25
DAL,ELP,118
DAL,FLL,93
DAL,HOU,574
DAL,HRL,1
DAL,IND,36
DAL,JAX,26
DAL,LAS,159
DAL,LAX,238
DAL,LBB,143
DAL,LGA,147
DAL,LIT,89
DAL,MAF,139
DAL,MCI,182
DAL,MCO,153
DAL,MDW,210
DAL,MEM,77
DAL,MKE,25
DAL,MSP,25
DAL,MSY,219
DAL,OAK,58
DAL,OKC,89
DAL,OMA,32
DAL,ONT,31
DAL,PDX,68
DAL,PHL,31
DAL,PHX,185
DAL,PIT,31
DAL,RDU,35
DAL,RNO,3
DAL,RSW,25
DAL,SAN,147
DAL,SAT,290
DAL,SDF,25
DAL,SEA,43
DAL,SFO,140
DAL,SJC,114
DAL,SLC,37
DAL,SMF,31
DAL,SNA,27
DAL,STL,177
DAL,TPA,87
DAL,TUL,111
DAL,TUS,3
DAY,ATL,113
DAY,CLT,173
DAY,DCA,107
DAY,DEN,4
DAY,DFW,107
DAY,DTW,101
DAY,EWR,31
DAY,IAH,31
DAY,LGA,77
DAY,MSP,57
DAY,ORD,119
DAY,PGD,9
DAY,PHL,124
DAY,PIE,8
DBQ,ORD,90
DCA,ALB,115
DCA,ATL,599
DCA,AUS,31
DCA,BDL,228
DCA,BGR,51
DCA,BHM,81
DCA,BNA,256
DCA,BOS,645
DCA,BTV,89
DCA,BUF,82
DCA,CAE,84
DCA,CAK,31
DCA,CHA,27
DCA,CHS,162
DCA,CLE,220
DCA,CLT,270
DCA,CMH,196
DCA,CRW,57
DCA,CVG,108
DCA,DAL,146
DCA,DAY,106
DCA,DEN,118
DCA,DFW,258
DCA,DSM,31
DCA,DTW,266
DCA,EWR,218
DCA,EYW,38
DCA,FLL,216
DCA,GRR,58
DCA,GSO,85
DCA,GSP,84
DCA,HOU,93
DCA,HPN,142
DCA,HSV,104
DCA,IAH,225
DCA,ILM,30
DCA,IND,166
DCA,JAN,31
DCA,JAX,162
DCA,JFK,256
DCA,LAN,26
DCA,LAS,30
DCA,LAX,124
DCA,LEX,22
DCA,LGA,567
DCA,LIT,31
DCA,MCI,134
DCA,MCO,327
DCA,MDW,186
DCA,MEM,99
DCA,MGM,26
DCA,MHT,85
DCA,MIA,275
DCA,MKE,58
DCA,MSN,22
DCA,MSP,239
DCA,MSY,184
DCA,MYR,31
DCA,OKC,31
DCA,OMA,53
DCA,ORD,656
DCA,ORF,88
DCA,PBI,105
DCA,PDX,31
DCA,PHL,122
DCA,PHX,89
DCA,PIT,111
DCA,PNS,62
DCA,PVD,247
DCA,PWM,139
DCA,RDU,209
DCA,ROC,89
DCA,RSW,135
DCA,SAV,55
DCA,SDF,89
DCA,SEA,62
DCA,SFO,62
DCA,SJU,31
DCA,SLC,31
DCA,SRQ,30
DCA,STL,216
DCA,SYR,89
DCA,TLH,31
DCA,TPA,200
DCA,TYS,88
DCA,VPS,30
DCA,XNA,27
DEN,ABQ,120
DEN,ALB,3
DEN,ANC,37
DEN,ASE,227
DEN,ATL,460
DEN,AUS,281
DEN,BDL,40
DEN,BFF,54
DEN,BFL,59
DEN,BHM,12
DEN,BIL,85
DEN,BIS,31
DEN,BNA,244
DEN,BOI,184
DEN,BOS,227
DEN,BUF,8
DEN,BUR,119
DEN,BWI,197
DEN,BZN,137
DEN,CHS,11
DEN,CID,73
DEN,CLE,108
DEN,CLT,224
DEN,CMH,103
DEN,CNY,52
DEN,COD,60
DEN,COS,220
DEN,COU,25
DEN,CPR,6
DEN,CVG,139
DEN,DAL,213
DEN,DAY,6
DEN,DCA,119
DEN,DFW,452
DEN,DRO,92
DEN,DSM,93
DEN,DTW,225
DEN,EAR,54
DEN,EGE,89
DEN,ELP,65
DEN,EUG,62
DEN,EWR,247
DEN,FAR,76
DEN,FAT,113
DEN,FCA,58
DEN,FLL,180
DEN,FSD,129
DEN,GCC,59
DEN,GEG,124
DEN,GJT,43
DEN,GRR,75
DEN,GSP,8
DEN,HDN,25
DEN,HNL,31
DEN,HOU,200
DEN,HRL,9
DEN,HSV,10
DEN,HYS,54
DEN,IAD,212
DEN,IAH,381
DEN,ICT,52
DEN,IND,141
DEN,ISN,5
DEN,JAC,62
DEN,JAN,8
DEN,JAX,71
DEN,JFK,94
DEN,JMS,53
DEN,KOA,31
DEN,LAR,54
DEN,LAS,538
DEN,LAX,570
DEN,LBB,31
DEN,LBF,54
DEN,LBL,27
DEN,LFT,8
DEN,LGA,326
DEN,LGB,9
DEN,LIH,31
DEN,LIT,5
DEN,LNK,19
DEN,MAF,29
DEN,MCI,288
DEN,MCO,278
DEN,MDW,241
DEN,MEM,63
DEN,MFR,65
DEN,MIA,167
DEN,MKE,135
DEN,MLI,28
DEN,MMH,31
DEN,MRY,62
DEN,MSN,71
DEN,MSO,70
DEN,MSP,430
DEN,MSY,155
DEN,MTJ,36
DEN,OAK,141
DEN,OGG,34
DEN,OKC,221
DEN,OMA,205
DEN,ONT,107
DEN,ORD,479
DEN,ORF,40
DEN,PDX,275
DEN,PHL,185
DEN,PHX,651
DEN,PIT,102
DEN,PNS,12
DEN,PRC,31
DEN,PSC,2
DEN,PSP,132
DEN,PUB,54
DEN,RAP,52
DEN,RDM,6
DEN,RDU,128
DEN,RIC,62
DEN,RKS,62
DEN,RNO,137
DEN,RSW,68
DEN,SAN,338
DEN,SAT,167
DEN,SAV,8
DEN,SBA,94
DEN,SBP,62
DEN,SDF,38
DEN,SEA,499
DEN,SFO,382
DEN,SGF,26
DEN,SGU,61
DEN,SHV,31
DEN,SJC,199
DEN,SLC,606
DEN,SMF,248
DEN,SNA,272
DEN,STL,183
DEN,SUN,31
DEN,TPA,208
DEN,TUL,161
DEN,TUS,207
DEN,TYS,9
DEN,VEL,53
DEN,XNA,50
DFW,ABI,170
DFW,ABQ,219
DFW,ACT,116
DFW,AEX,88
DFW,AMA,178
DFW,ASE,101
DFW,ATL,559
DFW,AUS,326
DFW,BDL,56
DFW,BHM,158
DFW,BIL,31
DFW,BIS,49
DFW,BMI,55
DFW,BNA,225
DFW,BOI,61
DFW,BOS,218
DFW,BPT,81
DFW,BRO,88
DFW,BTR,182
DFW,BUF,31
DFW,BWI,114
DFW,BZN,36
DFW,CAE,59
DFW,CHA,66
DFW,CHS,63
DFW,CID,90
DFW,CLE,103
DFW,CLL,122
DFW,CLT,308
DFW,CMH,104
DFW,CMI,54
DFW,COS,126
DFW,COU,62
DFW,CRP,175
DFW,CVG,157
DFW,CYS,31
DFW,DAY,106
DFW,DCA,258
DFW,DEN,452
DFW,DRO,85
DFW,DRT,61
DFW,DSM,94
DFW,DTW,306
DFW,ECP,65
DFW,EGE,85
DFW,ELP,261
DFW,EVV,55
DFW,EWR,259
DFW,EYW,31
DFW,FAR,54
DFW,FAT,65
DFW,FLL,241
DFW,FSD,62
DFW,FSM,113
DFW,FWA,61
DFW,GCK,62
DFW,GEG,31
DFW,GGG,59
DFW,GJT,78
DFW,GPT,62
DFW,GRI,81
DFW,GRK,170
DFW,GRR,81
DFW,GSO,59
DFW,GSP,60
DFW,GUC,38
DFW,HDN,38
DFW,HNL,62
DFW,HOU,204
DFW,HSV,115
DFW,IAD,156
DFW,IAH,509
DFW,ICT,180
DFW,ILM,31
DFW,IND,140
DFW,JAC,42
DFW,JAN,170
DFW,JAX,133
DFW,JFK,156
DFW,JLN,62
DFW,KOA,7
DFW,LAS,387
DFW,LAW,105
DFW,LAX,581
DFW,LBB,187
DFW,LCH,80
DFW,LEX,78
DFW,LFT,120
DFW,LGA,511
DFW,LIT,233
DFW,LRD,104
DFW,MAF,202
DFW,MCI,193
DFW,MCO,341
DFW,MEM,209
DFW,MFE,222
DFW,MGM,80
DFW,MHK,81
DFW,MIA,309
DFW,MKE,79
DFW,MLI,63
DFW,MLU,63
DFW,MOB,84
DFW,MSN,84
DFW,MSO,31
DFW,MSP,301
DFW,MSY,214
DFW,MTJ,44
DFW,OAK,31
DFW,OGG,39
DFW,OKC,263
DFW,OMA,115
DFW,ONT,140
DFW,ORD,562
DFW,ORF,62
DFW,PBI,85
DFW,PDX,131
DFW,PHL,300
DFW,PHX,389
DFW,PIA,62
DFW,PIB,31
DFW,PIT,86
DFW,PNS,120
DFW,PSP,93
DFW,RAP,61
DFW,RDU,149
DFW,RIC,62
DFW,RNO,60
DFW,ROW,79
DFW,RSW,117
DFW,SAF,89
DFW,SAN,246
DFW,SAT,320
DFW,SAV,54
DFW,SBA,31
DFW,SBN,62
DFW,SDF,147
DFW,SEA,257
DFW,SFO,353
DFW,SGF,218
DFW,SHV,174
DFW,SJC,113
DFW,SJT,135
DFW,SJU,31
DFW,SLC,319
DFW,SMF,126
DFW,SNA,253
DFW,SPI,53
DFW,SPS,88
DFW,SRQ,31
DFW,STL,230
DFW,SUX,34
DFW,SWO,63
DFW,TLH,62
DFW,TPA,240
DFW,TUL,255
DFW,TUS,205
DFW,TXK,87
DFW,TYR,116
DFW,TYS,116
DFW,VPS,113
DFW,XNA,257
DHN,ATL,115
DLH,MSP,113
DLH,ORD,67
DRO,DEN,92
DRO,DFW,85
DRO,PHX,61
DRT,DFW,61
DSM,ATL,85
DSM,AZA,8
DSM,CLT,89
DSM,DCA,31
DSM,DEN,113
DSM,DFW,94
DSM,DTW,99
DSM,IAH,62
DSM,LAS,41
DSM,LGA,43
DSM,MCO,13
DSM,MSP,118
DSM,ORD,297
DSM,PGD,14
DSM,PHL,62
DSM,PHX,81
DSM,PIE,9
DSM,SFB,14
DSM,SLC,27
DSM,STL,58
DTW,ABE,87
DTW,ALB,49
DTW,APN,31
DTW,ATL,452
DTW,ATW,103
DTW,AUS,80
DTW,AVP,58
DTW,AZO,54
DTW,BDL,104
DTW,BGM,61
DTW,BHM,19
DTW,BNA,195
DTW,BOS,260
DTW,BTV,74
DTW,BUF,105
DTW,BWI,229
DTW,CHA,41
DTW,CHS,2
DTW,CID,76
DTW,CIU,27
DTW,CLE,140
DTW,CLT,296
DTW,CMH,167
DTW,CVG,121
DTW,CWA,53
DTW,DAL,31
DTW,DAY,102
DTW,DCA,266
DTW,DEN,225
DTW,DFW,307
DTW,DSM,99
DTW,ELM,10
DTW,ERI,76
DTW,ESC,54
DTW,EVV,72
DTW,EWR,244
DTW,FLL,230
DTW,FWA,87
DTW,GRB,81
DTW,GRR,148
DTW,GSO,73
DTW,GSP,50
DTW,HPN,93
DTW,HSV,22
DTW,IAD,129
DTW,IAH,320
DTW,IMT,27
DTW,IND,151
DTW,ITH,66
DTW,JAX,90
DTW,JFK,119
DTW,LAN,134
DTW,LAS,256
DTW,LAX,202
DTW,LEX,102
DTW,LGA,412
DTW,MBS,81
DTW,MCI,137
DTW,MCO,326
DTW,MDT,86
DTW,MDW,183
DTW,MEM,10
DTW,MHT,26
DTW,MIA,126
DTW,MKE,146
DTW,MLI,58
DTW,MQT,31
DTW,MSN,109
DTW,MSP,254
DTW,MSY,116
DTW,OKC,31
DTW,OMA,23
DTW,ORD,526
DTW,ORF,22
DTW,PBI,50
DTW,PDX,31
DTW,PHL,239
DTW,PHX,211
DTW,PIT,136
DTW,PLN,53
DTW,PVD,46
DTW,PWM,2
DTW,RDU,45
DTW,RIC,59
DTW,ROC,75
DTW,RSW,281
DTW,SAN,58
DTW,SAT,57
DTW,SBN,106
DTW,SCE,64
DTW,SDF,86
DTW,SEA,151
DTW,SFO,135
DTW,SJC,22
DTW,SLC,121
DTW,SNA,25
DTW,SRQ,6
DTW,STL,61
DTW,SWF,34
DTW,SYR,106
DTW,TPA,230
DTW,TVC,119
DTW,TYS,110
DVL,DEN,22
DVL,JMS,31
EAR,DEN,53
EAU,ORD,62
ECP,ATL,146
ECP,BNA,62
ECP,CLT,62
ECP,DAL,25
ECP,DFW,65
ECP,HOU,29
ECP,IAH,62
EGE,ATL,31
EGE,DEN,89
EGE,DFW,85
EGE,EWR,31
EGE,IAD,9
EGE,IAH,31
EGE,JFK,23
EGE,LAX,35
EGE,LGA,4
EGE,MIA,31
EGE,ORD,67
EGE,PHX,13
EGE,SFO,31
EGE,SLC,2
EKO,SLC,58
ELM,ATL,2
ELM,DTW,10
ELM,PIE,9
ELM,SFB,13
ELP,ATL,60
ELP,AUS,63
ELP,DAL,118
ELP,DEN,65
ELP,DFW,263
ELP,HOU,88
ELP,IAH,152
ELP,LAS,71
ELP,LAX,68
ELP,ORD,52
ELP,PHX,219
ELP,SAN,29
ELP,SAT,58
ELP,SJC,3
ELP,SLC,26
ERI,DTW,76
ESC,DTW,54
EUG,AZA,10
EUG,DEN,62
EUG,LAS,9
EUG,LAX,61
EUG,OAK,11
EUG,PHX,31
EUG,SFO,120
EUG,SLC,9
EVV,ATL,84
EVV,CLT,62
EVV,DFW,55
EVV,DTW,72
EVV,ORD,65
EVV,SFB,9
EWN,ATL,56
EWN,CLT,125
EWR,ALB,25
EWR,ATL,518
EWR,AUS,123
EWR,AVL,10
EWR,BGR,44
EWR,BNA,174
EWR,BOS,396
EWR,BQN,31
EWR,BTV,115
EWR,BUF,23
EWR,BZN,31
EWR,CAK,54
EWR,CHS,61
EWR,CLE,117
EWR,CLT,349
EWR,CMH,82
EWR,CVG,160
EWR,DAY,32
EWR,DCA,218
EWR,DEN,248
EWR,DFW,260
EWR,DTW,245
EWR,EGE,31
EWR,EYW,63
EWR,FLL,478
EWR,GRR,47
EWR,GSO,57
EWR,GSP,13
EWR,HDN,5
EWR,HNL,31
EWR,IAD,34
EWR,IAH,284
EWR,IND,126
EWR,JAC,31
EWR,JAX,82
EWR,LAS,180
EWR,LAX,351
EWR,LEX,8
EWR,MCI,84
EWR,MCO,543
EWR,MDW,140
EWR,MEM,26
EWR,MHT,23
EWR,MIA,255
EWR,MKE,46
EWR,MSN,8
EWR,MSP,224
EWR,MSY,149
EWR,MTJ,12
EWR,MYR,17
EWR,OAK,24
EWR,OKC,6
EWR,OMA,63
EWR,ORD,402
EWR,ORF,80
EWR,PBI,309
EWR,PDX,85
EWR,PHX,198
EWR,PIT,219
EWR,PSP,31
EWR,PVD,64
EWR,PWM,35
EWR,RDU,242
EWR,RIC,93
EWR,ROC,58
EWR,RSW,195
EWR,SAN,143
EWR,SAT,59
EWR,SAV,66
EWR,SBN,1
EWR,SDF,61
EWR,SEA,128
EWR,SFO,412
EWR,SJC,27
EWR,SJU,134
EWR,SLC,64
EWR,SMF,6
EWR,SNA,84
EWR,SRQ,64
EWR,STL,138
EWR,STT,31
EWR,SYR,58
EWR,TPA,221
EWR,TYS,33
EWR,VPS,2
EWR,XNA,22
EYW,ATL,155
EYW,CLT,115
EYW,DCA,38
EYW,DFW,31
EYW,EWR,63
EYW,MIA,124
EYW,ORD,13
FAI,ANC,202
FAI,SCC,23
FAI,SEA,128
FAR,ATL,5
FAR,AZA,29
FAR,DEN,61
FAR,DFW,53
FAR,LAS,17
FAR,MSP,144
FAR,ORD,113
FAR,SFB,9
FAT,DEN,113
FAT,DFW,65
FAT,LAS,44
FAT,LAX,210
FAT,PDX,56
FAT,PHX,146
FAT,SAN,79
FAT,SEA,56
FAT,SFO,120
FAT,SLC,87
FAY,ATL,141
FAY,CLT,125
FCA,DEN,57
FCA,LAS,9
FCA,MSP,31
FCA,ORD,10
FCA,SLC,88
FLG,PHX,117
FLL,ABE,4
FLL,ACY,87
FLL,ALB,60
FLL,ATL,786
FLL,AUS,65
FLL,AVL,76
FLL,BDL,152
FLL,BNA,137
FLL,BOS,248
FLL,BQN,58
FLL,BUF,93
FLL,BWI,384
FLL,CHS,31
FLL,CLE,99
FLL,CLT,204
FLL,CMH,75
FLL,CVG,54
FLL,DAL,92
FLL,DCA,216
FLL,DEN,180
FLL,DFW,243
FLL,DTW,228
FLL,EWR,479
FLL,FNT,9
FLL,GRR,5
FLL,GSO,11
FLL,GSP,9
FLL,HDN,4
FLL,HOU,93
FLL,HPN,62
FLL,IAD,100
FLL,IAG,22
FLL,IAH,167
FLL,IND,70
FLL,ISP,76
FLL,JAX,179
FLL,JFK,306
FLL,LAS,92
FLL,LAX,175
FLL,LBE,25
FLL,LCK,10
FLL,LEX,14
FLL,LGA,432
FLL,LGB,7
FLL,MCI,72
FLL,MCO,209
FLL,MDW,118
FLL,MEM,8
FLL,MKE,34
FLL,MSP,96
FLL,MSY,160
FLL,MYR,31
FLL,ORD,246
FLL,ORF,8
FLL,ORH,31
FLL,PBG,36
FLL,PHL,283
FLL,PHX,31
FLL,PIT,74
FLL,PVD,92
FLL,RDU,123
FLL,RIC,93
FLL,SAN,20
FLL,SAT,31
FLL,SDF,9
FLL,SEA,51
FLL,SFO,106
FLL,SJU,325
FLL,SLC,63
FLL,STL,66
FLL,STT,31
FLL,SWF,31
FLL,SYR,32
FLL,TPA,204
FLL,TTN,17
FLL,TYS,23
FLL,USA,23
FNT,ATL,87
FNT,FLL,9
FNT,ORD,119
FNT,PGD,18
FNT,PIE,23
FNT,SFB,24
FSD,ATL,26
FSD,AZA,29
FSD,DEN,127
FSD,DFW,62
FSD,LAS,11
FSD,MSP,168
FSD,ORD,122
FSD,PHX,27
FSD,PIE,6
FSD,SFB,9
FSM,ATL,54
FSM,DFW,113
FWA,ATL,116
FWA,AZA,5
FWA,CLT,62
FWA,DFW,61
FWA,DTW,87
FWA,MSP,26
FWA,ORD,185
FWA,PGD,14
FWA,PIE,14
FWA,SFB,11
GCC,DEN,58
GCK,DFW,62
GEG,BOI,53
GEG,DEN,124
GEG,DFW,31
GEG,LAS,70
GEG,LAX,4
GEG,MSP,57
GEG,OAK,64
GEG,ORD,31
GEG,PHX,86
GEG,SAN,31
GEG,SEA,149
GEG,SFO,60
GEG,SJC,31
GEG,SLC,111
GEG,SMF,32
GFK,AZA,12
GFK,LAS,9
GFK,MSP,147
GGG,DFW,59
GJT,DEN,44
GJT,DFW,78
GJT,LAS,9
GJT,LAX,1
GJT,PHX,62
GJT,SLC,93
GNV,ATL,193
GNV,CLT,111
GNV,MIA,53
GPT,ATL,140
GPT,CLT,61
GPT,DFW,62
GPT,IAH,89
GPT,SFB,9
GRB,ATL,30
GRB,DTW,81
GRB,MSP,87
GRB,ORD,159
GRI,AZA,9
GRI,DFW,81
GRI,LAS,9
GRK,DFW,170
GRK,IAH,80
GRR,ATL,136
GRR,AZA,16
GRR,BWI,31
GRR,CLT,83
GRR,DCA,58
GRR,DEN,50
GRR,DFW,81
GRR,DTW,148
GRR,EWR,31
GRR,FLL,5
GRR,IAH,31
GRR,LAS,11
GRR,LGA,75
GRR,MCO,55
GRR,MDW,89
GRR,MIA,23
GRR,MSP,108
GRR,ORD,301
GRR,PGD,14
GRR,PHL,1
GRR,PHX,39
GRR,PIE,39
GRR,RSW,40
GRR,SFB,24
GRR,TPA,17
GSO,ATL,220
GSO,CLT,260
GSO,DCA,86
GSO,DFW,59
GSO,DTW,72
GSO,EWR,52
GSO,FLL,11
GSO,IAD,6
GSO,LGA,182
GSO,MCO,14
GSO,MIA,36
GSO,ORD,94
GSO,PHL,112
GSO,PIE,9
GSO,SFB,9
GSO,TPA,11
GSP,ATL,308
GSP,CLT,266
GSP,DCA,84
GSP,DEN,8
GSP,DFW,59
GSP,DTW,49
GSP,EWR,14
GSP,FLL,9
GSP,IAD,55
GSP,IAH,37
GSP,LAS,2
GSP,LGA,52
GSP,MCO,2
GSP,MIA,54
GSP,ORD,101
GSP,PHL,66
GSP,PIE,9
GSP,SFB,9
GSP,SFO,1
GSP,SJC,1
GSP,TPA,8
GTF,AZA,10
GTF,LAS,9
GTF,MSP,32
GTF,SLC,66
GTR,ATL,83
GUC,DFW,38
GUC,IAH,6
GUM,HNL,31
GUM,SPN,41
HDN,ATL,31
HDN,BOS,9
HDN,DEN,25
HDN,DFW,38
HDN,EWR,5
HDN,FLL,4
HDN,IAD,4
HDN,IAH,31
HDN,LAX,31
HDN,LGB,9
HDN,MSP,23
HDN,ORD,31
HDN,SAN,13
HDN,SFO,4
HGR,SFB,10
HHH,CLT,88
HIB,MSP,54
HLN,MSP,27
HLN,SLC,83
HNL,ANC,31
HNL,ATL,31
HNL,DEN,31
HNL,DFW,62
HNL,EWR,31
HNL,GUM,31
HNL,IAD,9
HNL,IAH,31
HNL,ITO,400
HNL,JFK,33
HNL,KOA,521
HNL,LAS,82
HNL,LAX,447
HNL,LGB,31
HNL,LIH,541
HNL,MSP,23
HNL,OAK,51
HNL,OGG,826
HNL,ORD,36
HNL,PDX,71
HNL,PHX,67
HNL,PPG,11
HNL,SAN,62
HNL,SEA,184
HNL,SFO,177
HNL,SJC,51
HNL,SLC,31
HNL,SMF,31
HOB,IAH,58
HOU,ABQ,87
HOU,ATL,337
HOU,AUS,162
HOU,BHM,54
HOU,BNA,136
HOU,BOS,58
HOU,BUR,27
HOU,BWI,97
HOU,CHS,31
HOU,CLT,31
HOU,CMH,31
HOU,CRP,115
HOU,DAL,575
HOU,DCA,93
HOU,DEN,197
HOU,DFW,204
HOU,ECP,29
HOU,ELP,87
HOU,FLL,92
HOU,HRL,138
HOU,IND,33
HOU,JAX,33
HOU,JFK,31
HOU,LAS,144
HOU,LAX,143
HOU,LBB,1
HOU,LGA,89
HOU,MAF,85
HOU,MCI,84
HOU,MCO,132
HOU,MDW,185
HOU,MEM,54
HOU,MIA,23
HOU,MKE,31
HOU,MSY,279
HOU,OAK,67
HOU,OKC,110
HOU,OMA,31
HOU,PHL,1
HOU,PHX,150
HOU,PIT,32
HOU,PNS,31
HOU,RDU,32
HOU,SAN,64
HOU,SAT,156
HOU,SDF,31
HOU,SJC,31
HOU,SJU,4
HOU,SLC,9
HOU,SMF,4
HOU,SNA,30
HOU,STL,117
HOU,TPA,89
HOU,TUL,81
HPN,ATL,139
HPN,CLT,117
HPN,DCA,141
HPN,DTW,93
HPN,FLL,61
HPN,MCO,92
HPN,ORD,62
HPN,PBI,144
HPN,RSW,31
HPN,TPA,30
HRL,AUS,27
HRL,DAL,1
HRL,DEN,9
HRL,HOU,138
HRL,IAH,119
HRL,MSP,27
HRL,ORD,9
HSV,ATL,194
HSV,CLT,114
HSV,DCA,105
HSV,DEN,10
HSV,DFW,115
HSV,DTW,21
HSV,IAD,25
HSV,IAH,89
HSV,MCO,10
HSV,ORD,29
HTS,PIE,9
HTS,SFB,11
HVN,CLT,4
HVN,PHL,65
HYS,DEN,53
HYS,SLN,54
IAD,ALB,1
IAD,ATL,321
IAD,AUS,115
IAD,BDL,117
IAD,BNA,80
IAD,BOS,133
IAD,BTV,52
IAD,BUF,66
IAD,CAE,6
IAD,CHA,27
IAD,CHS,70
IAD,CKB,27
IAD,CLE,103
IAD,CLT,319
IAD,CMH,93
IAD,CVG,61
IAD,DEN,212
IAD,DFW,157
IAD,DTW,129
IAD,EGE,9
IAD,EWR,66
IAD,FLL,100
IAD,GSO,6
IAD,GSP,53
IAD,HDN,4
IAD,HNL,9
IAD,HSV,2
IAD,IAH,131
IAD,ILM,6
IAD,IND,77
IAD,JAX,63
IAD,JFK,109
IAD,LAS,95
IAD,LAX,269
IAD,LGA,101
IAD,LWB,21
IAD,MCI,55
IAD,MCO,166
IAD,MIA,37
IAD,MSP,114
IAD,MSY,54
IAD,OKC,31
IAD,ORD,104
IAD,ORF,96
IAD,PBG,54
IAD,PDX,6
IAD,PHL,12
IAD,PHX,31
IAD,PIT,121
IAD,PVD,29
IAD,PWM,31
IAD,RDU,122
IAD,RIC,36
IAD,ROC,47
IAD,SAN,64
IAD,SAT,59
IAD,SAV,20
IAD,SCE,1
IAD,SDF,1
IAD,SEA,115
IAD,SFO,262
IAD,SHD,31
IAD,SJU,34
IAD,SLC,26
IAD,SMF,20
IAD,STL,12
IAD,STT,31
IAD,SYR,57
IAD,TPA,96
IAD,TYS,52
IAG,FLL,22
IAG,PGD,11
IAG,PIE,8
IAG,SFB,7
IAH,ABQ,127
IAH,AEX,59
IAH,AMA,67
IAH,ASE,99
IAH,ATL,434
IAH,AUS,271
IAH,BDL,27
IAH,BHM,148
IAH,BNA,153
IAH,BOI,31
IAH,BOS,92
IAH,BRO,93
IAH,BTR,174
IAH,BWI,90
IAH,BZN,12
IAH,CAE,31
IAH,CAK,31
IAH,CHS,63
IAH,CLE,131
IAH,CLL,58
IAH,CLT,293
IAH,CMH,121
IAH,COS,80
IAH,CRP,152
IAH,CRW,25
IAH,CVG,139
IAH,DAY,31
IAH,DCA,224
IAH,DEN,379
IAH,DFW,509
IAH,DSM,62
IAH,DTW,317
IAH,ECP,62
IAH,EGE,31
IAH,ELP,152
IAH,EWR,284
IAH,FLL,168
IAH,GPT,89
IAH,GRK,81
IAH,GRR,31
IAH,GSP,37
IAH,GUC,6
IAH,HDN,31
IAH,HNL,31
IAH,HOB,58
IAH,HRL,119
IAH,HSV,89
IAH,IAD,130
IAH,ICT,118
IAH,IND,129
IAH,JAC,12
IAH,JAN,145
IAH,JAX,99
IAH,LAS,250
IAH,LAX,379
IAH,LBB,91
IAH,LCH,89
IAH,LEX,31
IAH,LFT,195
IAH,LGA,354
IAH,LIT,159
IAH,LRD,80
IAH,MAF,200
IAH,MCI,149
IAH,MCO,251
IAH,MEM,154
IAH,MFE,166
IAH,MIA,245
IAH,MKE,59
IAH,MLU,59
IAH,MOB,141
IAH,MSP,281
IAH,MSY,276
IAH,MTJ,34
IAH,OKC,238
IAH,OMA,102
IAH,ORD,414
IAH,ORF,56
IAH,PBI,31
IAH,PDX,68
IAH,PHL,179
IAH,PHX,255
IAH,PIT,148
IAH,PNS,124
IAH,PSP,87
IAH,RDU,116
IAH,RIC,32
IAH,RNO,13
IAH,RSW,92
IAH,SAN,165
IAH,SAT,242
IAH,SAV,37
IAH,SDF,90
IAH,SEA,153
IAH,SFO,286
IAH,SGF,51
IAH,SHV,90
IAH,SJC,33
IAH,SJU,71
IAH,SLC,219
IAH,SMF,65
IAH,SNA,121
IAH,STL,150
IAH,STT,1
IAH,TPA,184
IAH,TUL,226
IAH,TUS,127
IAH,TYS,90
IAH,VPS,62
IAH,XNA,112
ICT,ATL,85
ICT,AZA,9
ICT,DEN,52
ICT,DFW,180
ICT,IAH,118
ICT,LAS,40
ICT,MSP,57
ICT,ORD,178
ICT,PHX,31
ICT,SEA,6
ICT,STL,58
IDA,AZA,10
IDA,LAS,9
IDA,SLC,115
ILM,ATL,137
ILM,CLT,261
ILM,DCA,30
ILM,DFW,30
ILM,IAD,6
ILM,LGA,79
ILM,PHL,5
IMT,DTW,27
IMT,MSP,31
IND,ATL,339
IND,AUS,7
IND,BOS,99
IND,BWI,65
IND,CLT,237
IND,DAL,36
IND,DCA,167
IND,DEN,166
IND,DFW,141
IND,DTW,151
IND,EWR,150
IND,FLL,70
IND,HOU,33
IND,IAD,90
IND,IAH,128
IND,JAX,3
IND,JFK,62
IND,LAS,84
IND,LAX,59
IND,LGA,191
IND,MCI,51
IND,MCO,169
IND,MDW,53
IND,MIA,94
IND,MSP,140
IND,MSY,4
IND,OAK,27
IND,ORD,394
IND,PGD,25
IND,PHL,147
IND,PHX,107
IND,PIE,23
IND,RDU,41
IND,RSW,92
IND,SAN,8
IND,SEA,56
IND,SFB,14
IND,SFO,37
IND,SLC,27
IND,SRQ,11
IND,TPA,69
INL,MSP,53
ISN,DEN,5
ISN,MSP,60
ISP,BWI,119
ISP,FLL,76
ISP,MCO,119
ISP,PBI,97
ISP,RSW,14
ISP,TPA,49
ITH,CLT,4
ITH,DTW,66
ITO,HNL,400
ITO,LAX,17
ITO,OGG,62
JAC,ATL,10
JAC,DEN,62
JAC,DFW,43
JAC,EWR,31
JAC,IAH,12
JAC,JFK,4
JAC,LAX,44
JAC,MSP,6
JAC,ORD,68
JAC,SEA,6
JAC,SFO,38
JAC,SLC,92
JAN,ATL,173
JAN,CLT,109
JAN,DCA,31
JAN,DEN,8
JAN,DFW,170
JAN,IAH,145
JAN,MCO,9
JAN,ORD,13
JAX,ATL,426
JAX,BNA,64
JAX,BOS,140
JAX,BWI,91
JAX,CLT,232
JAX,CVG,9
JAX,DAL,26
JAX,DCA,162
JAX,DEN,71
JAX,DFW,134
JAX,DTW,90
JAX,EWR,63
JAX,FLL,179
JAX,HOU,33
JAX,IAD,82
JAX,IAH,99
JAX,IND,3
JAX,JFK,180
JAX,LAS,17
JAX,LGA,82
JAX,MDW,31
JAX,MIA,155
JAX,MSP,11
JAX,ORD,196
JAX,PHL,100
JAX,PIT,3
JAX,STL,8
JAX,TTN,14
JFK,ABQ,19
JFK,ATL,271
JFK,AUS,200
JFK,BNA,136
JFK,BOS,520
JFK,BQN,35
JFK,BTV,152
JFK,BUF,284
JFK,BUR,58
JFK,BWI,146
JFK,CHS,123
JFK,CLE,190
JFK,CLT,336
JFK,CMH,110
JFK,CVG,62
JFK,DAB,7
JFK,DCA,253
JFK,DEN,94
JFK,DFW,156
JFK,DTW,118
JFK,EGE,23
JFK,FLL,306
JFK,HNL,33
JFK,HOU,31
JFK,IAD,109
JFK,IND,62
JFK,JAC,4
JFK,JAX,180
JFK,LAS,312
JFK,LAX,1064
JFK,LGB,58
JFK,MCO,371
JFK,MIA,307
JFK,MSP,119
JFK,MSY,151
JFK,OAK,20
JFK,ONT,31
JFK,ORD,238
JFK,ORF,135
JFK,ORH,31
JFK,PBI,168
JFK,PDX,84
JFK,PHX,212
JFK,PIT,123
JFK,PSE,24
JFK,PSP,36
JFK,PWM,76
JFK,RDU,323
JFK,RIC,80
JFK,RNO,20
JFK,ROC,182
JFK,RSW,98
JFK,SAN,173
JFK,SAT,31
JFK,SAV,122
JFK,SEA,270
JFK,SFO,629
JFK,SJC,80
JFK,SJU,250
JFK,SLC,210
JFK,SMF,25
JFK,SNA,4
JFK,SRQ,37
JFK,STT,27
JFK,SYR,151
JFK,TPA,195
JLN,DFW,62
JMS,DEN,31
JMS,DVL,53
JNU,ANC,89
JNU,KTN,22
JNU,PSG,31
JNU,SEA,93
JNU,SIT,56
JNU,YAK,30
KOA,ANC,15
KOA,BLI,6
KOA,DEN,31
KOA,DFW,7
KOA,HNL,521
KOA,LAX,158
KOA,LIH,34
KOA,OAK,27
KOA,OGG,93
KOA,PDX,31
KOA,PHX,34
KOA,SAN,17
KOA,SEA,89
KOA,SFO,103
KOA,SJC,17
KOA,SMF,13
KTN,JNU,23
KTN,SEA,92
KTN,SIT,31
KTN,WRG,31
LAN,DCA,26
LAN,DTW,134
LAN,MSP,30
LAN,ORD,65
LAR,DEN,53
LAS,ABQ,103
LAS,AMA,31
LAS,ATL,368
LAS,ATW,9
LAS,AUS,136
LAS,AZA,9
LAS,BHM,31
LAS,BIL,9
LAS,BIS,10
LAS,BLI,51
LAS,BLV,9
LAS,BNA,106
LAS,BOI,71
LAS,BOS,151
LAS,BUF,31
LAS,BUR,274
LAS,BWI,136
LAS,BZN,9
LAS,CID,9
LAS,CLE,93
LAS,CLT,148
LAS,CMH,87
LAS,COS,27
LAS,CVG,70
LAS,DAL,159
LAS,DCA,31
LAS,DEN,540
LAS,DFW,388
LAS,DSM,41
LAS,DTW,256
LAS,ELP,71
LAS,EUG,9
LAS,EWR,178
LAS,FAR,17
LAS,FAT,44
LAS,FCA,9
LAS,FLL,92
LAS,FSD,11
LAS,GEG,70
LAS,GFK,9
LAS,GJT,9
LAS,GRI,9
LAS,GRR,11
LAS,GSP,2
LAS,GTF,9
LAS,HNL,80
LAS,HOU,143
LAS,IAD,95
LAS,IAH,250
LAS,ICT,40
LAS,IDA,9
LAS,IND,83
LAS,JAX,18
LAS,JFK,316
LAS,LAX,1059
LAS,LBB,31
LAS,LGB,186
LAS,LIT,31
LAS,LRD,9
LAS,MAF,36
LAS,MCI,134
LAS,MCO,123
LAS,MDW,215
LAS,MEM,12
LAS,MFE,19
LAS,MFR,10
LAS,MIA,100
LAS,MKE,99
LAS,MLI,9
LAS,MOT,10
LAS,MRY,9
LAS,MSN,16
LAS,MSO,9
LAS,MSP,221
LAS,MSY,72
LAS,OAK,396
LAS,OKC,67
LAS,OMA,81
LAS,ONT,123
LAS,ORD,384
LAS,ORF,8
LAS,PDX,242
LAS,PHL,97
LAS,PHX,474
LAS,PIA,9
LAS,PIT,65
LAS,PSC,9
LAS,RAP,9
LAS,RDU,52
LAS,RFD,9
LAS,RNO,288
LAS,RSW,9
LAS,SAN,404
LAS,SAT,148
LAS,SBN,9
LAS,SCK,44
LAS,SDF,33
LAS,SEA,593
LAS,SFO,684
LAS,SGF,9
LAS,SHV,9
LAS,SJC,325
LAS,SLC,317
LAS,SMF,247
LAS,SMX,17
LAS,SNA,267
LAS,STL,120
LAS,TPA,114
LAS,TUL,41
LAS,TUS,101
LAS,TYS,9
LAS,XNA,9
LAW,DFW,105
LAX,ABQ,68
LAX,ACV,31
LAX,ANC,27
LAX,ASE,160
LAX,ATL,526
LAX,AUS,314
LAX,BDL,4
LAX,BLI,12
LAX,BNA,160
LAX,BOI,112
LAX,BOS,394
LAX,BUF,20
LAX,BWI,160
LAX,BZN,34
LAX,CLE,86
LAX,CLT,186
LAX,CMH,77
LAX,COS,58
LAX,CVG,49
LAX,DAL,238
LAX,DCA,124
LAX,DEN,568
LAX,DFW,582
LAX,DTW,202
LAX,EGE,35
LAX,ELP,68
LAX,EUG,61
LAX,EWR,349
LAX,FAT,210
LAX,FLL,177
LAX,GEG,3
LAX,HDN,31
LAX,HNL,447
LAX,HOU,141
LAX,IAD,269
LAX,IAH,379
LAX,IND,60
LAX,ITO,17
LAX,JAC,44
LAX,JFK,1064
LAX,KOA,158
LAX,LAS,1061
LAX,LIH,139
LAX,MCI,162
LAX,MCO,259
LAX,MDW,158
LAX,MEM,32
LAX,MFR,109
LAX,MIA,223
LAX,MKE,27
LAX,MMH,31
LAX,MRY,109
LAX,MSP,214
LAX,MSY,258
LAX,MTJ,17
LAX,OAK,439
LAX,OGG,245
LAX,OKC,9
LAX,OMA,5
LAX,ORD,650
LAX,PDX,402
LAX,PHL,219
LAX,PHX,583
LAX,PIT,39
LAX,PRC,31
LAX,PSP,31
LAX,PVU,9
LAX,RDM,52
LAX,RDU,55
LAX,RNO,200
LAX,SAN,281
LAX,SAT,169
LAX,SBA,99
LAX,SBP,107
LAX,SEA,661
LAX,SFO,1285
LAX,SGF,6
LAX,SGU,31
LAX,SJC,424
LAX,SLC,509
LAX,SMF,410
LAX,STL,138
LAX,STS,64
LAX,SUN,37
LAX,TPA,59
LAX,TUL,9
LAX,TUS,226
LBB,AUS,28
LBB,DAL,142
LBB,DEN,31
LBB,DFW,186
LBB,HOU,1
LBB,IAH,91
LBB,LAS,31
LBB,PHX,29
LBE,FLL,25
LBE,MCO,31
LBE,RSW,14
LBE,TPA,11
LBF,DEN,53
LBL,DEN,27
LBL,PUB,26
LCH,DFW,80
LCH,IAH,89
LCK,FLL,10
LCK,PGD,11
LCK,PIE,10
LCK,SFB,10
LEX,ATL,192
LEX,CLT,88
LEX,DCA,22
LEX,DFW,78
LEX,DTW,100
LEX,EWR,8
LEX,FLL,14
LEX,IAH,31
LEX,LGA,22
LEX,ORD,176
LEX,PGD,18
LEX,PIE,11
LEX,SFB,18
LFT,ATL,88
LFT,DEN,8
LFT,DFW,120
LFT,IAH,194
LFT,MCO,8
LGA,ATL,790
LGA,BGR,74
LGA,BHM,61
LGA,BNA,361
LGA,BOS,832
LGA,BTV,78
LGA,BUF,105
LGA,CAE,25
LGA,CAK,26
LGA,CHA,25
LGA,CHO,103
LGA,CHS,90
LGA,CLE,388
LGA,CLT,494
LGA,CMH,309
LGA,CVG,205
LGA,DAL,147
LGA,DAY,78
LGA,DCA,566
LGA,DEN,326
LGA,DFW,511
LGA,DSM,43
LGA,DTW,412
LGA,EGE,4
LGA,FLL,432
LGA,GRR,75
LGA,GSO,181
LGA,GSP,52
LGA,HOU,89
LGA,IAD,101
LGA,IAH,353
LGA,ILM,79
LGA,IND,190
LGA,JAX,82
LGA,LEX,22
LGA,MCI,177
LGA,MCO,342
LGA,MDW,183
LGA,MEM,119
LGA,MHT,22
LGA,MIA,543
LGA,MKE,186
LGA,MSN,64
LGA,MSP,238
LGA,MSY,116
LGA,MTJ,1
LGA,MYR,62
LGA,OMA,46
LGA,ORD,1230
LGA,ORF,225
LGA,PBI,246
LGA,PHL,81
LGA,PIT,359
LGA,PWM,112
LGA,RDU,398
LGA,RIC,241
LGA,ROA,26
LGA,ROC,106
LGA,RSW,102
LGA,SAV,62
LGA,SDF,148
LGA,SRQ,32
LGA,STL,337
LGA,SYR,79
LGA,TPA,162
LGA,TYS,46
LGA,XNA,72
LGB,AUS,31
LGB,BOS,56
LGB,BZN,9
LGB,DEN,9
LGB,FLL,7
LGB,HDN,9
LGB,HNL,31
LGB,JFK,58
LGB,LAS,186
LGB,OAK,177
LGB,PDX,31
LGB,PHX,90
LGB,RNO,31
LGB,SEA,31
LGB,SFO,62
LGB,SJC,62
LGB,SLC,144
LGB,SMF,186
LIH,DEN,31
LIH,HNL,541
LIH,KOA,34
LIH,LAX,139
LIH,OAK,48
LIH,OGG,105
LIH,PDX,31
LIH,PHX,39
LIH,SAN,20
LIH,SEA,85
LIH,SFO,40
LIH,SJC,23
LIT,ATL,172
LIT,CLT,104
LIT,DAL,89
LIT,DCA,31
LIT,DEN,33
LIT,DFW,233
LIT,IAH,159
LIT,LAS,31
LIT,MCO,8
LIT,ORD,103
LIT,PHX,5
LIT,SFB,9
LIT,STL,58
LNK,ATL,23
LNK,DEN,19
LNK,MSP,81
LRD,DFW,104
LRD,IAH,80
LRD,LAS,9
LSE,MSP,65
LSE,ORD,87
LWB,IAD,21
LWB,ORD,31
LWS,SLC,64
LYH,CLT,48
MAF,DAL,139
MAF,DEN,30
MAF,DFW,201
MAF,HOU,85
MAF,IAH,199
MAF,LAS,36
MAF,PHX,31
MBS,DTW,81
MBS,MSP,21
MBS,ORD,89
MCI,ABQ,28
MCI,ATL,311
MCI,AUS,28
MCI,AZA,8
MCI,BNA,89
MCI,BOS,77
MCI,BWI,60
MCI,CLT,113
MCI,CVG,40
MCI,DAL,182
MCI,DCA,133
MCI,DEN,280
MCI,DFW,193
MCI,DTW,137
MCI,EWR,83
MCI,FLL,72
MCI,HOU,84
MCI,IAD,55
MCI,IAH,148
MCI,IND,51
MCI,LAS,134
MCI,LAX,162
MCI,LGA,178
MCI,MCO,100
MCI,MDW,224
MCI,MIA,54
MCI,MKE,49
MCI,MSP,201
MCI,MSY,32
MCI,OAK,27
MCI,ORD,303
MCI,PDX,30
MCI,PGD,8
MCI,PHL,66
MCI,PHX,160
MCI,PIE,5
MCI,RDU,33
MCI,RSW,25
MCI,SAN,84
MCI,SAT,27
MCI,SEA,66
MCI,SFO,90
MCI,SLC,83
MCI,STL,111
MCI,TPA,32
MCI,VPS,2
MCO,ABQ,14
MCO,ACY,62
MCO,ALB,108
MCO,ATL,805
MCO,AUS,107
MCO,AVL,14
MCO,BDL,217
MCO,BHM,68
MCO,BMI,14
MCO,BNA,176
MCO,BOS,340
MCO,BQN,71
MCO,BUF,138
MCO,BWI,379
MCO,CAK,25
MCO,CLE,118
MCO,CLT,328
MCO,CMH,145
MCO,COS,17
MCO,CVG,109
MCO,DAL,154
MCO,DCA,327
MCO,DEN,279
MCO,DFW,341
MCO,DSM,13
MCO,DTW,325
MCO,EWR,543
MCO,FLL,207
MCO,GRR,56
MCO,GSO,14
MCO,GSP,2
MCO,HOU,134
MCO,HPN,93
MCO,HSV,10
MCO,IAD,166
MCO,IAH,251
MCO,IND,168
MCO,ISP,118
MCO,JAN,9
MCO,JFK,370
MCO,LAS,123
MCO,LAX,259
MCO,LBE,31
MCO,LFT,8
MCO,LGA,343
MCO,LIT,8
MCO,MCI,100
MCO,MDT,14
MCO,MDW,220
MCO,MEM,46
MCO,MHT,66
MCO,MIA,281
MCO,MKE,122
MCO,MSN,17
MCO,MSP,200
MCO,MSY,143
MCO,MYR,9
MCO,OAK,27
MCO,OKC,11
MCO,OMA,21
MCO,ONT,31
MCO,ORD,426
MCO,ORF,54
MCO,ORH,31
MCO,PDX,31
MCO,PHL,448
MCO,PHX,134
MCO,PIT,163
MCO,PSE,39
MCO,PSM,14
MCO,PVD,181
MCO,PWM,17
MCO,RDU,213
MCO,RIC,92
MCO,ROC,31
MCO,SAN,60
MCO,SAT,43
MCO,SDF,47
MCO,SEA,85
MCO,SFO,99
MCO,SJC,27
MCO,SJU,453
MCO,SLC,105
MCO,SMF,28
MCO,STL,160
MCO,STT,14
MCO,SWF,31
MCO,SYR,48
MCO,TTN,48
MCO,TYS,8
MDT,ATL,85
MDT,CLT,112
MDT,DTW,86
MDT,IAD,1
MDT,MCO,14
MDT,ORD,161
MDT,PGD,10
MDT,PIE,8
MDT,SFB,22
MDW,ABQ,34
MDW,ALB,56
MDW,ATL,301
MDW,AUS,71
MDW,BDL,63
MDW,BHM,52
MDW,BNA,176
MDW,BOS,75
MDW,BUF,65
MDW,BUR,27
MDW,BWI,178
MDW,CHS,39
MDW,CLE,123
MDW,CLT,62
MDW,CMH,142
MDW,CVG,146
MDW,DAL,210
MDW,DCA,186
MDW,DEN,241
MDW,DTW,184
MDW,EWR,140
MDW,FLL,118
MDW,GRR,89
MDW,HOU,183
MDW,IND,53
MDW,JAX,31
MDW,LAS,214
MDW,LAX,158
MDW,LGA,183
MDW,MCI,223
MDW,MCO,219
MDW,MEM,58
MDW,MHT,60
MDW,MSP,332
MDW,MSY,74
MDW,OAK,69
MDW,OKC,7
MDW,OMA,121
MDW,ONT,31
MDW,ORF,37
MDW,PDX,37
MDW,PHL,144
MDW,PHX,189
MDW,PIT,135
MDW,PVD,46
MDW,RDU,90
MDW,RSW,125
MDW,SAN,93
MDW,SAT,59
MDW,SDF,67
MDW,SEA,56
MDW,SFO,58
MDW,SJC,34
MDW,SJU,12
MDW,SLC,66
MDW,SMF,31
MDW,STL,179
MDW,TPA,127
MDW,TUS,31
MEI,DFW,31
MEI,ORD,31
MEI,PIB,31
MEM,ATL,276
MEM,BWI,29
MEM,CLT,194
MEM,DAL,77
MEM,DCA,99
MEM,DEN,63
MEM,DFW,209
MEM,DTW,11
MEM,EWR,26
MEM,FLL,8
MEM,HOU,54
MEM,IAH,154
MEM,LAS,12
MEM,LAX,31
MEM,LGA,120
MEM,MCO,46
MEM,MDW,58
MEM,MIA,62
MEM,MSP,78
MEM,ORD,158
MEM,PHL,60
MEM,PHX,62
MEM,PIE,9
MEM,SFB,8
MEM,TPA,32
MFE,DFW,222
MFE,IAH,165
MFE,LAS,19
MFE,SFB,2
MFR,DEN,64
MFR,LAS,10
MFR,LAX,110
MFR,PHX,30
MFR,SFO,126
MFR,SLC,9
MGM,ATL,189
MGM,DCA,26
MGM,DFW,80
MHK,DFW,81
MHK,ORD,58
MHT,ATL,2
MHT,BWI,155
MHT,CLT,86
MHT,DCA,85
MHT,DTW,26
MHT,EWR,24
MHT,LGA,22
MHT,MCO,68
MHT,MDW,60
MHT,PHL,55
MHT,TPA,34
MIA,ATL,569
MIA,AUS,85
MIA,BDL,31
MIA,BHM,60
MIA,BNA,93
MIA,BOS,209
MIA,BUF,23
MIA,BWI,81
MIA,CHS,85
MIA,CLE,85
MIA,CLT,245
MIA,CMH,87
MIA,CVG,93
MIA,DCA,275
MIA,DEN,168
MIA,DFW,311
MIA,DTW,126
MIA,EGE,31
MIA,EWR,256
MIA,EYW,124
MIA,GNV,53
MIA,GRR,23
MIA,GSO,36
MIA,GSP,54
MIA,HOU,23
MIA,IAD,38
MIA,IAH,245
MIA,IND,93
MIA,JAX,155
MIA,JFK,307
MIA,LAS,100
MIA,LAX,222
MIA,LGA,543
MIA,MCI,54
MIA,MCO,282
MIA,MEM,62
MIA,MSP,111
MIA,MSY,119
MIA,OMA,23
MIA,ORD,376
MIA,ORF,85
MIA,PHL,236
MIA,PHX,93
MIA,PIT,80
MIA,PNS,92
MIA,PVD,23
MIA,RDU,96
MIA,RIC,54
MIA,RSW,46
MIA,SAN,31
MIA,SAT,31
MIA,SAV,62
MIA,SDF,62
MIA,SEA,36
MIA,SFO,147
MIA,SJU,186
MIA,STL,77
MIA,STT,62
MIA,STX,62
MIA,TLH,112
MIA,TPA,210
MIA,TYS,62
MKE,ATL,249
MKE,AZA,4
MKE,BNA,57
MKE,BOS,76
MKE,BWI,60
MKE,CLE,49
MKE,CLT,151
MKE,DAL,25
MKE,DCA,58
MKE,DEN,135
MKE,DFW,79
MKE,DTW,146
MKE,EWR,47
MKE,FLL,34
MKE,HOU,31
MKE,IAH,59
MKE,LAS,99
MKE,LAX,27
MKE,LGA,186
MKE,MCI,49
MKE,MCO,122
MKE,MSP,161
MKE,ORD,175
MKE,PGD,4
MKE,PHX,127
MKE,PIE,4
MKE,RSW,89
MKE,SAN,14
MKE,SEA,62
MKE,SFB,4
MKE,SLC,3
MKE,STL,57
MKE,TPA,52
MKG,ORD,62
MLB,ATL,118
MLB,CLT,93
MLI,ATL,87
MLI,AZA,9
MLI,DEN,28
MLI,DFW,63
MLI,DTW,58
MLI,LAS,9
MLI,MSP,31
MLI,ORD,117
MLI,PGD,8
MLI,PIE,6
MLI,SFB,10
MLU,ATL,112
MLU,DFW,63
MLU,IAH,58
MMH,DEN,31
MMH,LAX,31
MMH,SFO,31
MOB,ATL,194
MOB,CLT,19
MOB,DFW,84
MOB,IAH,141
MOT,AZA,13
MOT,LAS,10
MOT,MSP,120
MQT,DTW,31
MQT,MSP,31
MQT,ORD,31
MRY,DEN,62
MRY,LAS,9
MRY,LAX,109
MRY,PHX,93
MRY,SAN,31
MRY,SFO,61
MSN,ATL,85
MSN,CLT,62
MSN,DCA,22
MSN,DEN,72
MSN,DFW,84
MSN,DTW,109
MSN,EWR,9
MSN,LAS,16
MSN,LGA,64
MSN,MCO,17
MSN,MSP,139
MSN,ORD,206
MSN,PHL,51
MSN,PHX,34
MSN,SFO,31
MSN,SLC,26
MSO,AZA,10
MSO,DEN,70
MSO,DFW,31
MSO,LAS,9
MSO,MSP,28
MSO,SLC,65
MSP,ABQ,2
MSP,ABR,62
MSP,ALB,2
MSP,ANC,21
MSP,ASE,6
MSP,ATL,409
MSP,ATW,105
MSP,AUS,59
MSP,AZO,27
MSP,BDL,103
MSP,BIL,61
MSP,BIS,145
MSP,BJI,62
MSP,BNA,113
MSP,BOI,51
MSP,BOS,249
MSP,BRD,54
MSP,BUF,2
MSP,BWI,145
MSP,BZN,64
MSP,CID,82
MSP,CIU,31
MSP,CLE,104
MSP,CLT,217
MSP,CMH,87
MSP,CVG,140
MSP,CWA,56
MSP,DAL,25
MSP,DAY,57
MSP,DCA,239
MSP,DEN,427
MSP,DFW,301
MSP,DLH,113
MSP,DSM,118
MSP,DTW,254
MSP,EWR,225
MSP,FAR,145
MSP,FCA,30
MSP,FLL,96
MSP,FSD,169
MSP,FWA,26
MSP,GEG,57
MSP,GFK,147
MSP,GRB,87
MSP,GRR,108
MSP,GTF,32
MSP,HDN,23
MSP,HIB,54
MSP,HLN,27
MSP,HNL,23
MSP,HRL,27
MSP,IAD,114
MSP,IAH,277
MSP,ICT,57
MSP,IMT,31
MSP,IND,140
MSP,INL,53
MSP,ISN,60
MSP,JAC,6
MSP,JAX,11
MSP,JFK,118
MSP,LAN,30
MSP,LAS,221
MSP,LAX,214
MSP,LGA,237
MSP,LNK,81
MSP,LSE,65
MSP,MBS,22
MSP,MCI,201
MSP,MCO,200
MSP,MDW,333
MSP,MEM,78
MSP,MIA,110
MSP,MKE,161
MSP,MLI,31
MSP,MOT,120
MSP,MQT,31
MSP,MSN,139
MSP,MSO,28
MSP,MSY,45
MSP,OAK,27
MSP,OKC,31
MSP,OMA,158
MSP,ORD,621
MSP,PBI,1
MSP,PDX,114
MSP,PHL,193
MSP,PHX,342
MSP,PIA,22
MSP,PIT,102
MSP,PSC,31
MSP,PSP,31
MSP,RAP,90
MSP,RDU,84
MSP,RHI,62
MSP,RIC,47
MSP,RNO,2
MSP,ROC,26
MSP,RST,102
MSP,RSW,166
MSP,SAN,138
MSP,SAT,56
MSP,SBN,30
MSP,SDF,58
MSP,SEA,227
MSP,SFO,193
MSP,SJC,26
MSP,SJU,4
MSP,SLC,148
MSP,SMF,28
MSP,SNA,76
MSP,STL,199
MSP,TPA,136
MSP,TUL,22
MSP,TUS,29
MSP,TYS,30
MSP,XNA,45
MSY,ATL,441
MSY,AUS,61
MSY,BNA,115
MSY,BOS,64
MSY,BWI,98
MSY,CLE,11
MSY,CLT,205
MSY,CMH,7
MSY,CVG,10
MSY,DAL,219
MSY,DCA,185
MSY,DEN,155
MSY,DFW,215
MSY,DTW,116
MSY,EWR,149
MSY,FLL,161
MSY,HOU,280
MSY,IAD,54
MSY,IAH,276
MSY,IND,4
MSY,JFK,151
MSY,LAS,72
MSY,LAX,258
MSY,LGA,116
MSY,MCI,32
MSY,MCO,141
MSY,MDW,74
MSY,MIA,119
MSY,MSP,45
MSY,OAK,31
MSY,ORD,199
MSY,PHL,82
MSY,PHX,35
MSY,PIT,3
MSY,RDU,24
MSY,SAN,31
MSY,SAT,33
MSY,SEA,31
MSY,SFO,62
MSY,SLC,26
MSY,SMF,9
MSY,STL,62
MSY,TPA,127
MSY,USA,8
MTJ,ATL,6
MTJ,CLT,4
MTJ,DEN,36
MTJ,DFW,44
MTJ,EWR,12
MTJ,IAH,34
MTJ,LAX,17
MTJ,LGA,1
MTJ,ORD,9
MTJ,PHX,31
MTJ,SFO,16
MTJ,SLC,2
MYR,ACY,31
MYR,ATL,88
MYR,BOS,31
MYR,BWI,9
MYR,CLT,231
MYR,DCA,31
MYR,EWR,17
MYR,FLL,31
MYR,LGA,62
MYR,MCO,9
MYR,PHL,31
OAJ,ATL,88
OAJ,CLT,174
OAK,ABQ,55
OAK,ATL,31
OAK,AUS,31
OAK,AZA,9
OAK,BLI,15
OAK,BNA,31
OAK,BOI,64
OAK,BUR,353
OAK,BWI,29
OAK,CMH,3
OAK,DAL,58
OAK,DEN,141
OAK,DFW,31
OAK,EUG,11
OAK,EWR,24
OAK,GEG,64
OAK,HNL,51
OAK,HOU,67
OAK,IND,27
OAK,JFK,20
OAK,KOA,27
OAK,LAS,399
OAK,LAX,439
OAK,LGB,177
OAK,LIH,48
OAK,MCI,27
OAK,MCO,27
OAK,MDW,68
OAK,MSP,27
OAK,MSY,31
OAK,OGG,48
OAK,ONT,205
OAK,PDX,169
OAK,PHX,256
OAK,RNO,61
OAK,SAN,306
OAK,SAT,31
OAK,SEA,264
OAK,SLC,227
OAK,SNA,226
OAK,STL,6
OAK,TUS,2
OGD,AZA,8
OGG,ANC,17
OGG,BLI,17
OGG,DEN,34
OGG,DFW,39
OGG,HNL,826
OGG,ITO,62
OGG,KOA,93
OGG,LAX,246
OGG,LIH,105
OGG,OAK,48
OGG,ORD,20
OGG,PDX,93
OGG,PHX,39
OGG,SAN,62
OGG,SEA,125
OGG,SFO,163
OGG,SJC,55
OGG,SLC,19
OGG,SMF,31
OGS,PIE,6
OGS,SFB,5
OKC,ATL,162
OKC,BNA,5
OKC,BWI,29
OKC,CLT,62
OKC,DAL,89
OKC,DCA,31
OKC,DEN,225
OKC,DFW,263
OKC,DTW,31
OKC,EWR,7
OKC,HOU,112
OKC,IAD,31
OKC,IAH,238
OKC,LAS,68
OKC,LAX,9
OKC,MCO,11
OKC,MDW,7
OKC,MSP,31
OKC,ORD,175
OKC,PHL,61
OKC,PHX,91
OKC,SFO,31
OKC,SJC,1
OKC,SLC,56
OKC,STL,55
OKC,VPS,2
OMA,ATL,141
OMA,AZA,9
OMA,CLT,82
OMA,DAL,32
OMA,DCA,53
OMA,DEN,206
OMA,DFW,115
OMA,DTW,27
OMA,EWR,63
OMA,HOU,31
OMA,IAH,102
OMA,LAS,82
OMA,LAX,5
OMA,LGA,46
OMA,MCO,21
OMA,MDW,120
OMA,MIA,23
OMA,MSP,155
OMA,ORD,270
OMA,PGD,9
OMA,PHL,57
OMA,PHX,150
OMA,PIE,5
OMA,RSW,9
OMA,SAN,31
OMA,SEA,31
OMA,SFB,9
OMA,SFO,31
OMA,SLC,56
OMA,STL,67
OME,ANC,57
OME,OTZ,5
ONT,AUS,2
ONT,DAL,31
ONT,DEN,107
ONT,DFW,140
ONT,JFK,31
ONT,LAS,123
ONT,MCO,31
ONT,MDW,31
ONT,OAK,205
ONT,PDX,24
ONT,PHX,320
ONT,SAT,1
ONT,SEA,37
ONT,SFO,171
ONT,SJC,122
ONT,SLC,86
ONT,SMF,200
ORD,ABE,46
ORD,ABQ,103
ORD,ALB,143
ORD,ALO,54
ORD,ANC,12
ORD,ASE,141
ORD,ATL,621
ORD,ATW,81
ORD,AUS,209
ORD,AVL,68
ORD,AVP,59
ORD,AZO,67
ORD,BDL,171
ORD,BHM,90
ORD,BIS,25
ORD,BMI,60
ORD,BNA,389
ORD,BOI,67
ORD,BOS,496
ORD,BRO,8
ORD,BTV,66
ORD,BUF,152
ORD,BWI,234
ORD,BZN,74
ORD,CAK,60
ORD,CGI,27
ORD,CHA,104
ORD,CHO,62
ORD,CHS,99
ORD,CID,221
ORD,CKB,31
ORD,CLE,404
ORD,CLT,383
ORD,CMH,384
ORD,CMI,119
ORD,CMX,62
ORD,COS,72
ORD,COU,101
ORD,CVG,437
ORD,CWA,83
ORD,DAY,118
ORD,DBQ,90
ORD,DCA,657
ORD,DEN,479
ORD,DFW,567
ORD,DLH,67
ORD,DSM,318
ORD,DTW,525
ORD,EAU,62
ORD,EGE,67
ORD,ELP,51
ORD,EVV,64
ORD,EWR,399
ORD,EYW,13
ORD,FAR,99
ORD,FCA,10
ORD,FLL,245
ORD,FNT,119
ORD,FSD,123
ORD,FWA,185
ORD,GEG,31
ORD,GRB,159
ORD,GRR,261
ORD,GSO,89
ORD,GSP,103
ORD,HDN,31
ORD,HNL,36
ORD,HPN,62
ORD,HRL,9
ORD,HSV,52
ORD,IAD,104
ORD,IAH,413
ORD,ICT,178
ORD,IND,457
ORD,JAC,68
ORD,JAN,12
ORD,JAX,196
ORD,JFK,238
ORD,LAN,65
ORD,LAS,383
ORD,LAX,648
ORD,LEX,177
ORD,LGA,1230
ORD,LIT,131
ORD,LSE,87
ORD,LWB,31
ORD,MBS,89
ORD,MCI,296
ORD,MCO,426
ORD,MDT,162
ORD,MEI,31
ORD,MEM,158
ORD,MHK,58
ORD,MIA,376
ORD,MKE,176
ORD,MKG,62
ORD,MLI,117
ORD,MQT,31
ORD,MSN,207
ORD,MSP,623
ORD,MSY,200
ORD,MTJ,9
ORD,OGG,20
ORD,OKC,184
ORD,OMA,269
ORD,ORF,140
ORD,PAH,59
ORD,PBI,77
ORD,PDX,142
ORD,PHL,361
ORD,PHX,491
ORD,PIA,90
ORD,PIT,294
ORD,PNS,39
ORD,PSP,132
ORD,PVD,84
ORD,PWM,12
ORD,RAP,6
ORD,RDU,169
ORD,RIC,202
ORD,ROC,164
ORD,RST,174
ORD,RSW,310
ORD,SAN,241
ORD,SAT,153
ORD,SAV,69
ORD,SBN,143
ORD,SCE,25
ORD,SDF,153
ORD,SEA,394
ORD,SFO,462
ORD,SGF,117
ORD,SHD,27
ORD,SJC,68
ORD,SJU,61
ORD,SLC,302
ORD,SLN,27
ORD,SMF,66
ORD,SNA,169
ORD,SPI,67
ORD,SRQ,91
ORD,STL,200
ORD,STT,4
ORD,SUN,1
ORD,SUX,82
ORD,SYR,217
ORD,TOL,80
ORD,TPA,301
ORD,TUL,134
ORD,TUS,94
ORD,TVC,112
ORD,TYS,128
ORD,UIN,54
ORD,XNA,140
ORF,ATL,214
ORF,BOS,1
ORF,BWI,114
ORF,CLT,262
ORF,DCA,87
ORF,DEN,40
ORF,DFW,62
ORF,DTW,22
ORF,EWR,80
ORF,FLL,8
ORF,IAD,93
ORF,IAH,56
ORF,JFK,136
ORF,LAS,8
ORF,LGA,225
ORF,MCO,54
ORF,MDW,37
ORF,MIA,85
ORF,ORD,143
ORF,PHL,165
ORF,PHX,9
ORF,PIE,9
ORF,SFB,9
ORF,TPA,9
ORH,FLL,31
ORH,JFK,31
ORH,MCO,31
OTH,SFO,31
OTZ,ANC,36
OTZ,OME,26
OWB,SFB,9
PAH,CGI,47
PAH,ORD,60
PBG,FLL,36
PBG,IAD,54
PBG,PIE,10
PBG,SFB,12
PBI,ACY,31
PBI,ATL,332
PBI,BDL,55
PBI,BOS,242
PBI,BWI,120
PBI,CLE,14
PBI,CLT,167
PBI,CMH,8
PBI,DCA,105
PBI,DFW,86
PBI,DTW,50
PBI,EWR,310
PBI,HPN,148
PBI,IAH,32
PBI,ISP,97
PBI,JFK,164
PBI,LGA,247
PBI,MSP,1
PBI,ORD,78
PBI,PHL,112
PBI,PIT,9
PBI,RDU,14
PBI,STL,9
PBI,TTN,31
PDX,ANC,68
PDX,ATL,88
PDX,AUS,28
PDX,BOI,62
PDX,BOS,34
PDX,BUR,78
PDX,CLT,27
PDX,DAL,68
PDX,DCA,31
PDX,DEN,274
PDX,DFW,132
PDX,DTW,31
PDX,EWR,84
PDX,FAT,56
PDX,HNL,71
PDX,IAD,6
PDX,IAH,67
PDX,JFK,84
PDX,KOA,31
PDX,LAS,243
PDX,LAX,399
PDX,LGB,31
PDX,LIH,31
PDX,MCI,30
PDX,MCO,31
PDX,MDW,37
PDX,MSP,113
PDX,OAK,169
PDX,OGG,93
PDX,ONT,24
PDX,ORD,143
PDX,PHX,301
PDX,PSP,62
PDX,RNO,31
PDX,SAN,177
PDX,SEA,160
PDX,SFO,445
PDX,SJC,338
PDX,SLC,214
PDX,SMF,169
PDX,SNA,119
PDX,STL,31
PDX,TUS,56
PGD,ABE,9
PGD,ALB,13
PGD,ATW,8
PGD,AVL,9
PGD,BLV,10
PGD,BNA,8
PGD,CID,9
PGD,CLE,5
PGD,CVG,28
PGD,DAY,9
PGD,DSM,14
PGD,FNT,18
PGD,FWA,14
PGD,GRR,14
PGD,IAG,11
PGD,IND,25
PGD,LCK,11
PGD,LEX,18
PGD,MCI,8
PGD,MDT,10
PGD,MKE,4
PGD,MLI,8
PGD,OMA,9
PGD,PIA,11
PGD,PIT,11
PGD,PSM,9
PGD,PVD,10
PGD,RDU,11
PGD,RFD,10
PGD,ROC,5
PGD,SBN,10
PGD,SDF,10
PGD,SPI,9
PGD,STC,9
PGD,SWF,8
PGD,SYR,9
PGD,TOL,9
PGD,TYS,11
PGD,USA,9
PHF,ATL,87
PHF,CLT,30
PHL,ART,62
PHL,ATL,518
PHL,AUS,75
PHL,BDL,119
PHL,BHM,61
PHL,BNA,201
PHL,BOS,612
PHL,BUF,52
PHL,CAK,62
PHL,CHS,2
PHL,CLE,88
PHL,CLT,281
PHL,CMH,125
PHL,CRW,27
PHL,CVG,184
PHL,DAL,31
PHL,DAY,124
PHL,DCA,126
PHL,DEN,185
PHL,DFW,299
PHL,DSM,62
PHL,DTW,241
PHL,FLL,283
PHL,GRR,1
PHL,GSO,112
PHL,GSP,66
PHL,HOU,1
PHL,HVN,65
PHL,IAD,13
PHL,IAH,179
PHL,ILM,5
PHL,IND,147
PHL,JAX,100
PHL,LAS,96
PHL,LAX,218
PHL,LGA,82
PHL,MCI,66
PHL,MCO,447
PHL,MDW,144
PHL,MEM,61
PHL,MHT,55
PHL,MIA,236
PHL,MSN,51
PHL,MSP,194
PHL,MSY,82
PHL,MYR,31
PHL,OKC,61
PHL,OMA,57
PHL,ORD,361
PHL,ORF,165
PHL,PBI,111
PHL,PHF,4
PHL,PHX,217
PHL,PIT,160
PHL,PNS,31
PHL,PVD,118
PHL,PWM,88
PHL,RDU,218
PHL,ROC,11
PHL,RSW,132
PHL,SAN,35
PHL,SAT,31
PHL,SAV,66
PHL,SDF,66
PHL,SEA,50
PHL,SFO,170
PHL,SJU,93
PHL,SLC,61
PHL,SRQ,14
PHL,STL,168
PHL,STT,19
PHL,TPA,242
PHL,TYS,66
PHX,ABQ,299
PHX,AMA,31
PHX,ANC,23
PHX,ASE,23
PHX,ATL,305
PHX,AUS,237
PHX,BFL,89
PHX,BNA,98
PHX,BOI,94
PHX,BOS,126
PHX,BUF,31
PHX,BUR,272
PHX,BWI,122
PHX,CLE,62
PHX,CLT,248
PHX,CMH,85
PHX,COS,27
PHX,CVG,46
PHX,DAL,185
PHX,DCA,89
PHX,DEN,651
PHX,DFW,389
PHX,DRO,62
PHX,DSM,81
PHX,DTW,211
PHX,EGE,13
PHX,ELP,220
PHX,EUG,31
PHX,EWR,198
PHX,FAT,146
PHX,FLG,117
PHX,FLL,31
PHX,FSD,27
PHX,GEG,86
PHX,GJT,62
PHX,GRR,39
PHX,HNL,67
PHX,HOU,151
PHX,IAD,31
PHX,IAH,256
PHX,ICT,31
PHX,IND,108
PHX,JFK,211
PHX,KOA,34
PHX,LAS,474
PHX,LAX,584
PHX,LBB,30
PHX,LGB,89
PHX,LIH,39
PHX,LIT,5
PHX,MAF,31
PHX,MCI,160
PHX,MCO,133
PHX,MDW,189
PHX,MEM,62
PHX,MFR,30
PHX,MIA,93
PHX,MKE,127
PHX,MRY,93
PHX,MSN,35
PHX,MSP,341
PHX,MSY,35
PHX,MTJ,31
PHX,OAK,256
PHX,OGG,39
PHX,OKC,92
PHX,OMA,151
PHX,ONT,319
PHX,ORD,490
PHX,ORF,9
PHX,PDX,300
PHX,PHL,217
PHX,PIT,86
PHX,PSP,176
PHX,RDM,30
PHX,RDU,45
PHX,RNO,186
PHX,ROW,30
PHX,RSW,14
PHX,SAF,25
PHX,SAN,464
PHX,SAT,207
PHX,SBA,117
PHX,SBP,117
PHX,SDF,9
PHX,SEA,498
PHX,SFO,423
PHX,SGU,82
PHX,SJC,319
PHX,SLC,382
PHX,SMF,300
PHX,SNA,348
PHX,STL,157
PHX,STS,27
PHX,TPA,112
PHX,TUL,56
PHX,TUS,237
PHX,YUM,115
PIA,ATL,84
PIA,AZA,13
PIA,CLT,62
PIA,DFW,62
PIA,LAS,9
PIA,MSP,22
PIA,ORD,90
PIA,PGD,11
PIA,PIE,9
PIA,SFB,5
PIB,MEI,62
PIE,ABE,11
PIE,ALB,13
PIE,ATW,9
PIE,AVL,24
PIE,AZA,1
PIE,BGR,10
PIE,BLV,9
PIE,BMI,8
PIE,BNA,9
PIE,CHA,8
PIE,CID,10
PIE,CLE,5
PIE,CVG,24
PIE,DAY,8
PIE,DSM,9
PIE,ELM,9
PIE,FNT,23
PIE,FSD,6
PIE,FWA,14
PIE,GRR,39
PIE,GSO,9
PIE,GSP,9
PIE,HTS,9
PIE,IAG,8
PIE,IND,23
PIE,LCK,10
PIE,LEX,11
PIE,MCI,5
PIE,MDT,8
PIE,MEM,9
PIE,MKE,4
PIE,MLI,6
PIE,OGS,6
PIE,OMA,5
PIE,ORF,9
PIE,PBG,10
PIE,PIA,9
PIE,PIT,10
PIE,RDU,9
PIE,RFD,9
PIE,RIC,9
PIE,ROA,9
PIE,SBN,11
PIE,SDF,9
PIE,SGF,11
PIE,SWF,9
PIE,SYR,13
PIE,TOL,10
PIE,TYS,17
PIE,USA,23
PIH,SLC,93
PIT,ATL,280
PIT,BNA,58
PIT,BOS,258
PIT,BWI,88
PIT,CLT,245
PIT,DAL,31
PIT,DCA,113
PIT,DEN,102
PIT,DFW,86
PIT,DTW,136
PIT,EWR,219
PIT,FLL,75
PIT,HOU,32
PIT,IAD,121
PIT,IAH,149
PIT,JAX,3
PIT,JFK,122
PIT,LAS,65
PIT,LAX,39
PIT,LGA,357
PIT,MCO,163
PIT,MDW,135
PIT,MIA,80
PIT,MSP,102
PIT,MSY,3
PIT,ORD,294
PIT,PBI,9
PIT,PGD,11
PIT,PHL,161
PIT,PHX,86
PIT,PIE,10
PIT,RDU,31
PIT,RSW,60
PIT,SAN,1
PIT,SEA,31
PIT,SFB,7
PIT,SFO,37
PIT,SJU,4
PIT,SLC,31
PIT,SRQ,9
PIT,STL,33
PIT,TPA,93
PLN,APN,23
PLN,DTW,53
PNS,ATL,203
PNS,BNA,62
PNS,CLT,128
PNS,DCA,63
PNS,DEN,12
PNS,DFW,120
PNS,HOU,31
PNS,IAH,124
PNS,MIA,92
PNS,ORD,40
PNS,PHL,31
PPG,HNL,11
PRC,DEN,31
PRC,LAX,31
PSC,AZA,10
PSC,DEN,2
PSC,LAS,9
PSC,MSP,31
PSC,SFO,31
PSC,SLC,59
PSE,JFK,25
PSE,MCO,40
PSG,JNU,31
PSG,WRG,31
PSM,MCO,14
PSM,PGD,9
PSM,SFB,10
PSP,ATL,5
PSP,BLI,15
PSP,DEN,132
PSP,DFW,93
PSP,EWR,31
PSP,IAH,87
PSP,JFK,35
PSP,LAX,31
PSP,MSP,31
PSP,ORD,132
PSP,PDX,62
PSP,PHX,177
PSP,SEA,151
PSP,SFO,248
PSP,SLC,91
PUB,DEN,53
PUB,LBL,27
PVD,ATL,82
PVD,BWI,145
PVD,CLT,120
PVD,DCA,247
PVD,DTW,45
PVD,EWR,63
PVD,FLL,92
PVD,IAD,29
PVD,MCO,181
PVD,MDW,48
PVD,MIA,23
PVD,ORD,84
PVD,PGD,10
PVD,PHL,118
PVD,RSW,14
PVD,TPA,54
PVU,AZA,29
PVU,LAX,9
PVU,TUS,8
PWM,ATL,26
PWM,BWI,91
PWM,CLT,82
PWM,DCA,140
PWM,DTW,3
PWM,EWR,32
PWM,IAD,31
PWM,JFK,76
PWM,LGA,112
PWM,MCO,17
PWM,ORD,17
PWM,PHL,88
PWM,RSW,8
PWM,TPA,14
RAP,AZA,17
RAP,DEN,56
RAP,DFW,61
RAP,LAS,9
RAP,MSP,90
RAP,ORD,2
RAP,SLC,31
RDD,SFO,96
RDM,DEN,6
RDM,LAX,52
RDM,PHX,30
RDM,SFO,126
RDM,SLC,56
RDU,ATL,407
RDU,AUS,3
RDU,BDL,23
RDU,BNA,89
RDU,BOS,241
RDU,BWI,196
RDU,CLT,265
RDU,CMH,22
RDU,CVG,49
RDU,DAL,35
RDU,DCA,214
RDU,DEN,129
RDU,DFW,151
RDU,DTW,47
RDU,EWR,241
RDU,FLL,123
RDU,HOU,32
RDU,IAD,122
RDU,IAH,116
RDU,IND,41
RDU,JFK,318
RDU,LAS,52
RDU,LAX,55
RDU,LGA,398
RDU,MCI,33
RDU,MCO,213
RDU,MDW,90
RDU,MIA,97
RDU,MSP,84
RDU,MSY,24
RDU,ORD,169
RDU,PBI,14
RDU,PGD,11
RDU,PHL,219
RDU,PHX,45
RDU,PIE,9
RDU,PIT,31
RDU,RSW,9
RDU,SAN,9
RDU,SAT,3
RDU,SEA,61
RDU,SFB,9
RDU,SFO,85
RDU,SJU,22
RDU,SLC,27
RDU,STL,38
RDU,TPA,90
RDU,TTN,8
RFD,AZA,10
RFD,LAS,9
RFD,PGD,10
RFD,PIE,9
RFD,SFB,10
RHI,MSP,62
RIC,ATL,339
RIC,BNA,9
RIC,BOS,152
RIC,CLT,266
RIC,DEN,62
RIC,DFW,63
RIC,DTW,57
RIC,EWR,59
RIC,FLL,93
RIC,IAD,41
RIC,IAH,32
RIC,JFK,80
RIC,LGA,239
RIC,MCO,92
RIC,MIA,54
RIC,MSP,47
RIC,ORD,229
RIC,PIE,9
RIC,SFB,9
RKS,DEN,62
RNO,ATL,6
RNO,DAL,3
RNO,DEN,137
RNO,DFW,60
RNO,IAH,13
RNO,JFK,20
RNO,LAS,287
RNO,LAX,200
RNO,LGB,31
RNO,MSP,2
RNO,OAK,61
RNO,PDX,31
RNO,PHX,187
RNO,SAN,93
RNO,SEA,6
RNO,SFO,147
RNO,SJC,113
RNO,SLC,148
ROA,ATL,138
ROA,CLT,26
ROA,LGA,26
ROA,PIE,9
ROA,SFB,10
ROC,ATL,82
ROC,BOS,24
ROC,BWI,71
ROC,CLT,103
ROC,DCA,88
ROC,DTW,75
ROC,EWR,77
ROC,IAD,32
ROC,JFK,182
ROC,LGA,106
ROC,MCO,31
ROC,MSP,25
ROC,ORD,160
ROC,PGD,5
ROC,PHL,11
ROC,SFB,9
ROC,TPA,30
ROW,DFW,79
ROW,PHX,30
RST,ATL,32
RST,MSP,102
RST,ORD,174
RSW,ACY,56
RSW,ALB,12
RSW,ATL,296
RSW,BDL,89
RSW,BNA,20
RSW,BOS,258
RSW,BUF,23
RSW,BWI,186
RSW,CAK,14
RSW,CLE,90
RSW,CLT,168
RSW,CMH,91
RSW,CVG,63
RSW,DAL,25
RSW,DCA,136
RSW,DEN,68
RSW,DFW,118
RSW,DTW,281
RSW,EWR,196
RSW,GRR,40
RSW,HPN,31
RSW,IAH,92
RSW,IND,93
RSW,ISP,14
RSW,JFK,99
RSW,LAS,9
RSW,LBE,14
RSW,LGA,102
RSW,MCI,25
RSW,MDW,125
RSW,MIA,46
RSW,MKE,89
RSW,MSP,166
RSW,OMA,9
RSW,ORD,312
RSW,PHL,131
RSW,PHX,14
RSW,PIT,60
RSW,PVD,14
RSW,PWM,8
RSW,RDU,9
RSW,SLC,8
RSW,STL,86
RSW,SYR,14
RSW,TTN,23
SAF,DFW,89
SAF,PHX,25
SAN,ABQ,71
SAN,ATL,174
SAN,AUS,117
SAN,BLI,10
SAN,BNA,36
SAN,BOI,61
SAN,BOS,89
SAN,BWI,91
SAN,CLE,9
SAN,CLT,90
SAN,CVG,14
SAN,DAL,147
SAN,DEN,338
SAN,DFW,246
SAN,DTW,58
SAN,ELP,29
SAN,EWR,143
SAN,FAT,79
SAN,FLL,20
SAN,GEG,31
SAN,HDN,13
SAN,HNL,62
SAN,HOU,64
SAN,IAD,65
SAN,IAH,165
SAN,IND,8
SAN,JFK,172
SAN,KOA,17
SAN,LAS,403
SAN,LAX,281
SAN,LIH,20
SAN,MCI,84
SAN,MCO,60
SAN,MDW,93
SAN,MIA,31
SAN,MKE,14
SAN,MRY,31
SAN,MSP,138
SAN,MSY,31
SAN,OAK,306
SAN,OGG,62
SAN,OMA,31
SAN,ORD,241
SAN,PDX,177
SAN,PHL,36
SAN,PHX,464
SAN,PIT,1
SAN,RDU,9
SAN,RNO,93
SAN,SAT,57
SAN,SEA,358
SAN,SFO,630
SAN,SJC,540
SAN,SLC,212
SAN,SMF,488
SAN,STL,86
SAN,STS,31
SAN,TPA,6
SAN,TUS,60
SAT,ATL,250
SAT,BNA,55
SAT,BWI,57
SAT,CLT,142
SAT,CVG,3
SAT,DAL,290
SAT,DEN,155
SAT,DFW,318
SAT,DTW,57
SAT,ELP,59
SAT,EWR,58
SAT,FLL,31
SAT,HOU,156
SAT,IAD,59
SAT,IAH,242
SAT,JFK,31
SAT,LAS,148
SAT,LAX,169
SAT,MCI,27
SAT,MCO,43
SAT,MDW,59
SAT,MIA,31
SAT,MSP,56
SAT,MSY,33
SAT,OAK,31
SAT,ONT,1
SAT,ORD,164
SAT,PHL,31
SAT,PHX,206
SAT,RDU,3
SAT,SAN,57
SAT,SEA,31
SAT,SFB,1
SAT,SFO,31
SAT,SLC,69
SAT,SNA,14
SAT,STL,58
SAT,TPA,32
SAV,ATL,254
SAV,BOS,32
SAV,BWI,8
SAV,CLE,2
SAV,CLT,239
SAV,CVG,8
SAV,DCA,55
SAV,DEN,8
SAV,DFW,54
SAV,EWR,75
SAV,IAD,12
SAV,IAH,36
SAV,JFK,122
SAV,LGA,62
SAV,MIA,62
SAV,ORD,69
SAV,PHL,66
SBA,DEN,93
SBA,DFW,31
SBA,LAX,99
SBA,PHX,117
SBA,SEA,31
SBA,SFO,180
SBN,ATL,114
SBN,AZA,8
SBN,CLT,62
SBN,DFW,62
SBN,DTW,106
SBN,EWR,1
SBN,LAS,9
SBN,MSP,30
SBN,ORD,143
SBN,PGD,10
SBN,PIE,11
SBN,SFB,13
SBP,DEN,62
SBP,LAX,106
SBP,PHX,117
SBP,SEA,6
SBP,SFO,120
SCC,ANC,23
SCC,BRW,62
SCE,DTW,64
SCE,ORD,25
SCK,AZA,8
SCK,LAS,44
SDF,ATL,223
SDF,BWI,78
SDF,CLT,207
SDF,DAL,25
SDF,DCA,90
SDF,DEN,38
SDF,DFW,147
SDF,DTW,86
SDF,EWR,56
SDF,FLL,9
SDF,HOU,31
SDF,IAD,9
SDF,IAH,90
SDF,LAS,33
SDF,LGA,148
SDF,MCO,47
SDF,MDW,66
SDF,MIA,62
SDF,MSP,58
SDF,ORD,149
SDF,PGD,10
SDF,PHL,66
SDF,PHX,9
SDF,PIE,9
SDF,SFB,10
SDF,TPA,31
SEA,ABQ,31
SEA,ANC,466
SEA,ATL,206
SEA,AUS,78
SEA,BLI,41
SEA,BNA,59
SEA,BOI,214
SEA,BOS,148
SEA,BUR,74
SEA,BWI,36
SEA,BZN,2
SEA,CHS,22
SEA,CLT,86
SEA,CVG,17
SEA,DAL,42
SEA,DCA,62
SEA,DEN,499
SEA,DFW,255
SEA,DTW,151
SEA,EWR,127
SEA,FAI,128
SEA,FAT,56
SEA,FLL,51
SEA,GEG,151
SEA,HNL,185
SEA,IAD,115
SEA,IAH,153
SEA,ICT,6
SEA,IND,56
SEA,JAC,6
SEA,JFK,270
SEA,JNU,62
SEA,KOA,89
SEA,KTN,93
SEA,LAS,594
SEA,LAX,660
SEA,LGB,31
SEA,LIH,85
SEA,MCI,67
SEA,MCO,85
SEA,MDW,56
SEA,MIA,36
SEA,MKE,61
SEA,MSP,227
SEA,MSY,31
SEA,OAK,263
SEA,OGG,125
SEA,OMA,31
SEA,ONT,37
SEA,ORD,395
SEA,PDX,158
SEA,PHL,51
SEA,PHX,498
SEA,PIT,31
SEA,PSP,150
SEA,RDU,62
SEA,RNO,6
SEA,SAN,358
SEA,SAT,31
SEA,SBA,31
SEA,SBP,6
SEA,SFO,666
SEA,SJC,375
SEA,SLC,313
SEA,SMF,240
SEA,SNA,237
SEA,STL,66
SEA,STS,1
SEA,TPA,36
SEA,TUS,93
SFB,ABE,31
SFB,ALB,13
SFB,ATW,10
SFB,AUS,1
SFB,AVL,31
SFB,BGR,13
SFB,BIS,6
SFB,BLV,11
SFB,BMI,11
SFB,CHA,9
SFB,CID,13
SFB,CKB,9
SFB,CVG,23
SFB,DSM,14
SFB,ELM,13
SFB,EVV,9
SFB,FAR,9
SFB,FNT,24
SFB,FSD,9
SFB,FWA,11
SFB,GPT,9
SFB,GRR,24
SFB,GSO,9
SFB,GSP,9
SFB,HGR,10
SFB,HTS,11
SFB,IAG,7
SFB,IND,14
SFB,LCK,10
SFB,LEX,18
SFB,LIT,9
SFB,MDT,22
SFB,MEM,8
SFB,MFE,2
SFB,MKE,4
SFB,MLI,10
SFB,OGS,5
SFB,OMA,9
SFB,ORF,9
SFB,OWB,9
SFB,PBG,12
SFB,PIA,5
SFB,PIT,7
SFB,PSM,10
SFB,RDU,9
SFB,RFD,10
SFB,RIC,9
SFB,ROA,10
SFB,ROC,9
SFB,SAT,1
SFB,SBN,13
SFB,SDF,10
SFB,SGF,10
SFB,SJU,10
SFB,SWF,6
SFB,SYR,13
SFB,TOL,10
SFB,TRI,9
SFB,TUL,7
SFB,TYS,27
SFB,USA,10
SFB,XNA,12
SFO,ABQ,59
SFO,ACV,99
SFO,ASE,68
SFO,ATL,267
SFO,AUS,198
SFO,BFL,31
SFO,BHM,2
SFO,BNA,96
SFO,BOI,154
SFO,BOS,389
SFO,BUR,284
SFO,BWI,64
SFO,BZN,37
SFO,CLE,37
SFO,CLT,128
SFO,CVG,56
SFO,DAL,140
SFO,DCA,62
SFO,DEN,379
SFO,DFW,353
SFO,DTW,135
SFO,EGE,31
SFO,EUG,119
SFO,EWR,410
SFO,FAT,121
SFO,FLL,104
SFO,GEG,61
SFO,GSP,1
SFO,HDN,4
SFO,HNL,178
SFO,IAD,263
SFO,IAH,289
SFO,IND,37
SFO,JAC,37
SFO,JFK,629
SFO,KOA,102
SFO,LAS,684
SFO,LAX,1283
SFO,LGB,62
SFO,LIH,40
SFO,MCI,90
SFO,MCO,98
SFO,MDW,57
SFO,MFR,125
SFO,MIA,147
SFO,MMH,31
SFO,MRY,61
SFO,MSN,31
SFO,MSP,193
SFO,MSY,62
SFO,MTJ,16
SFO,OGG,163
SFO,OKC,31
SFO,OMA,31
SFO,ONT,171
SFO,ORD,462
SFO,OTH,31
SFO,PDX,445
SFO,PHL,169
SFO,PHX,424
SFO,PIT,37
SFO,PSC,31
SFO,PSP,248
SFO,RDD,96
SFO,RDM,126
SFO,RDU,85
SFO,RNO,147
SFO,SAN,630
SFO,SAT,31
SFO,SBA,182
SFO,SBP,121
SFO,SEA,663
SFO,SLC,313
SFO,SMF,139
SFO,SNA,243
SFO,STL,68
SFO,STS,31
SFO,SUN,31
SFO,TPA,37
SFO,TUS,68
SFO,XNA,31
SGF,ATL,117
SGF,AZA,10
SGF,CLT,93
SGF,DEN,26
SGF,DFW,218
SGF,IAH,51
SGF,LAS,9
SGF,LAX,6
SGF,ORD,117
SGF,PIE,11
SGF,SFB,10
SGU,AZA,8
SGU,DEN,61
SGU,LAX,31
SGU,PHX,82
SGU,SLC,119
SHD,IAD,31
SHD,ORD,27
SHV,ATL,150
SHV,CLT,62
SHV,DEN,31
SHV,DFW,174
SHV,IAH,90
SHV,LAS,9
SIT,JNU,56
SIT,KTN,31
SJC,ABQ,5
SJC,ATL,83
SJC,AUS,137
SJC,BHM,2
SJC,BOI,62
SJC,BOS,19
SJC,BUR,377
SJC,BWI,5
SJC,DAL,121
SJC,DEN,196
SJC,DFW,113
SJC,DTW,22
SJC,ELP,3
SJC,EWR,27
SJC,GEG,31
SJC,GSP,2
SJC,HNL,51
SJC,HOU,31
SJC,IAH,33
SJC,JFK,80
SJC,KOA,17
SJC,LAS,330
SJC,LAX,422
SJC,LGB,62
SJC,LIH,23
SJC,MCI,1
SJC,MCO,27
SJC,MDW,34
SJC,MSP,26
SJC,OGG,55
SJC,ONT,122
SJC,ORD,66
SJC,PDX,341
SJC,PHX,320
SJC,RNO,113
SJC,SAN,540
SJC,SEA,375
SJC,SLC,100
SJC,SNA,462
SJC,STL,31
SJC,TUS,58
SJT,DFW,134
SJU,ATL,115
SJU,BDL,58
SJU,BOS,71
SJU,BWI,68
SJU,CLT,70
SJU,CVG,4
SJU,DCA,31
SJU,DFW,31
SJU,EWR,134
SJU,FLL,324
SJU,HOU,4
SJU,IAD,35
SJU,IAH,72
SJU,JFK,252
SJU,MCO,453
SJU,MDW,12
SJU,MIA,186
SJU,MSP,4
SJU,ORD,62
SJU,PHL,93
SJU,PIT,4
SJU,RDU,22
SJU,SFB,10
SJU,STT,62
SJU,STX,7
SJU,TPA,124
SLC,ABQ,34
SLC,ASE,64
SLC,ATL,228
SLC,AUS,88
SLC,BIL,63
SLC,BNA,29
SLC,BOI,193
SLC,BOS,87
SLC,BTM,58
SLC,BUR,109
SLC,BWI,41
SLC,BZN,118
SLC,CDC,54
SLC,CLE,1
SLC,CLT,54
SLC,COS,62
SLC,CPR,62
SLC,CVG,32
SLC,DAL,37
SLC,DCA,31
SLC,DEN,605
SLC,DFW,320
SLC,DSM,27
SLC,DTW,120
SLC,EGE,2
SLC,EKO,58
SLC,ELP,27
SLC,EUG,8
SLC,EWR,64
SLC,FAT,87
SLC,FCA,88
SLC,FLL,64
SLC,GEG,111
SLC,GJT,93
SLC,GTF,66
SLC,HLN,83
SLC,HNL,31
SLC,HOU,9
SLC,IAD,26
SLC,IAH,219
SLC,IDA,115
SLC,IND,27
SLC,JAC,92
SLC,JFK,210
SLC,LAS,320
SLC,LAX,505
SLC,LGB,143
SLC,LWS,64
SLC,MCI,83
SLC,MCO,104
SLC,MDW,66
SLC,MFR,8
SLC,MKE,4
SLC,MSN,26
SLC,MSO,65
SLC,MSP,148
SLC,MSY,26
SLC,MTJ,2
SLC,OAK,226
SLC,OGG,19
SLC,OKC,56
SLC,OMA,56
SLC,ONT,86
SLC,ORD,304
SLC,PDX,214
SLC,PHL,62
SLC,PHX,383
SLC,PIH,93
SLC,PIT,31
SLC,PSC,58
SLC,PSP,91
SLC,RAP,31
SLC,RDM,56
SLC,RDU,27
SLC,RNO,148
SLC,RSW,8
SLC,SAN,212
SLC,SAT,69
SLC,SEA,313
SLC,SFO,313
SLC,SGU,119
SLC,SJC,98
SLC,SMF,143
SLC,SNA,144
SLC,STL,83
SLC,SUN,93
SLC,TPA,22
SLC,TUL,54
SLC,TUS,77
SLC,TWF,89
SLN,HYS,53
SLN,ORD,27
SMF,ATL,84
SMF,AUS,27
SMF,BOI,33
SMF,BOS,2
SMF,BUR,264
SMF,BWI,5
SMF,CLT,28
SMF,DAL,31
SMF,DEN,247
SMF,DFW,126
SMF,EWR,6
SMF,GEG,32
SMF,HNL,31
SMF,HOU,4
SMF,IAD,20
SMF,IAH,64
SMF,JFK,25
SMF,KOA,14
SMF,LAS,246
SMF,LAX,409
SMF,LGB,186
SMF,MCO,28
SMF,MDW,31
SMF,MSP,28
SMF,MSY,9
SMF,OGG,31
SMF,ONT,201
SMF,ORD,65
SMF,PDX,174
SMF,PHX,301
SMF,SAN,488
SMF,SEA,232
SMF,SFO,139
SMF,SLC,142
SMF,SNA,199
SMF,STL,31
SMX,LAS,17
SNA,ATL,88
SNA,AUS,17
SNA,DAL,27
SNA,DEN,272
SNA,DFW,253
SNA,DTW,25
SNA,EWR,84
SNA,HOU,30
SNA,IAH,121
SNA,JFK,4
SNA,LAS,267
SNA,MSP,76
SNA,OAK,226
SNA,ORD,169
SNA,PDX,119
SNA,PHX,348
SNA,SAT,14
SNA,SEA,237
SNA,SFO,242
SNA,SJC,454
SNA,SLC,144
SNA,SMF,199
SPI,DFW,53
SPI,ORD,67
SPI,PGD,9
SPN,GUM,41
SPS,DFW,88
SRQ,ATL,190
SRQ,BOS,52
SRQ,CLE,8
SRQ,CLT,92
SRQ,CVG,10
SRQ,DCA,30
SRQ,DFW,31
SRQ,DTW,6
SRQ,EWR,64
SRQ,IND,11
SRQ,JFK,37
SRQ,LGA,32
SRQ,ORD,91
SRQ,PHL,14
SRQ,PIT,9
STC,AZA,9
STC,PGD,9
STL,ATL,336
STL,AUS,58
STL,BDL,31
STL,BNA,66
STL,BOS,87
STL,BWI,96
STL,CLE,58
STL,CLT,175
STL,CMH,58
STL,CVG,19
STL,DAL,177
STL,DCA,214
STL,DEN,201
STL,DFW,231
STL,DSM,58
STL,DTW,62
STL,EWR,137
STL,FLL,66
STL,HOU,116
STL,IAD,13
STL,IAH,151
STL,ICT,58
STL,JAX,8
STL,LAS,120
STL,LAX,138
STL,LGA,337
STL,LIT,58
STL,MCI,111
STL,MCO,160
STL,MDW,179
STL,MIA,77
STL,MKE,57
STL,MSP,199
STL,MSY,62
STL,OAK,6
STL,OKC,55
STL,OMA,67
STL,ORD,183
STL,PBI,9
STL,PDX,31
STL,PHL,168
STL,PHX,156
STL,PIT,33
STL,RDU,38
STL,RSW,86
STL,SAN,86
STL,SAT,58
STL,SEA,67
STL,SFO,68
STL,SJC,31
STL,SLC,82
STL,SMF,31
STL,TPA,62
STL,TUL,58
STS,LAX,64
STS,PHX,27
STS,SAN,31
STS,SFO,31
STT,ATL,36
STT,CLT,31
STT,EWR,31
STT,FLL,31
STT,IAD,31
STT,IAH,1
STT,JFK,27
STT,MCO,14
STT,MIA,62
STT,ORD,4
STT,PHL,19
STT,SJU,62
STX,ATL,15
STX,CLT,4
STX,MIA,62
STX,SJU,7
SUN,DEN,31
SUN,LAX,37
SUN,ORD,1
SUN,SFO,31
SUN,SLC,93
SUX,DFW,34
SUX,ORD,82
SWF,DTW,34
SWF,FLL,31
SWF,MCO,31
SWF,PGD,8
SWF,PIE,9
SWF,SFB,6
SWO,DFW,62
SYR,ATL,82
SYR,BOS,31
SYR,CLT,111
SYR,DCA,89
SYR,DTW,105
SYR,EWR,58
SYR,FLL,32
SYR,IAD,57
SYR,JFK,151
SYR,LGA,79
SYR,MCO,48
SYR,ORD,218
SYR,PGD,9
SYR,PIE,13
SYR,RSW,14
SYR,SFB,13
SYR,TPA,14
TLH,ATL,171
TLH,CLT,116
TLH,DCA,31
TLH,DFW,62
TLH,MIA,111
TOL,CLT,62
TOL,ORD,80
TOL,PGD,9
TOL,PIE,10
TOL,SFB,11
TPA,ACY,31
TPA,ALB,34
TPA,ATL,577
TPA,AUS,32
TPA,AVL,11
TPA,BDL,127
TPA,BHM,59
TPA,BNA,122
TPA,BOS,238
TPA,BUF,81
TPA,BWI,227
TPA,CAK,11
TPA,CLE,52
TPA,CLT,306
TPA,CMH,92
TPA,CVG,46
TPA,DAL,87
TPA,DCA,201
TPA,DEN,208
TPA,DFW,241
TPA,DTW,230
TPA,EWR,223
TPA,FLL,204
TPA,GRR,17
TPA,GSO,11
TPA,GSP,8
TPA,HOU,91
TPA,HPN,31
TPA,IAD,96
TPA,IAH,184
TPA,IND,69
TPA,ISP,49
TPA,JFK,194
TPA,LAS,115
TPA,LAX,59
TPA,LBE,11
TPA,LGA,162
TPA,MCI,32
TPA,MDW,127
TPA,MEM,32
TPA,MHT,34
TPA,MIA,210
TPA,MKE,53
TPA,MSP,136
TPA,MSY,127
TPA,ORD,300
TPA,ORF,9
TPA,PHL,241
TPA,PHX,113
TPA,PIT,93
TPA,PVD,54
TPA,PWM,14
TPA,RDU,91
TPA,ROC,30
TPA,SAN,6
TPA,SAT,32
TPA,SDF,31
TPA,SEA,37
TPA,SFO,37
TPA,SJU,123
TPA,SLC,22
TPA,STL,62
TPA,SYR,14
TPA,TTN,29
TRI,ATL,166
TRI,CLT,1
TRI,SFB,9
TTN,ATL,18
TTN,BNA,2
TTN,CLT,14
TTN,FLL,17
TTN,JAX,14
TTN,MCO,48
TTN,PBI,31
TTN,RDU,8
TTN,RSW,23
TTN,TPA,29
TUL,ATL,133
TUL,CLT,62
TUL,DAL,111
TUL,DEN,161
TUL,DFW,254
TUL,HOU,81
TUL,IAH,226
TUL,LAS,41
TUL,LAX,9
TUL,MSP,22
TUL,ORD,133
TUL,PHX,56
TUL,SFB,7
TUL,SLC,54
TUL,STL,58
TUS,ATL,56
TUS,BLI,9
TUS,CLT,26
TUS,DAL,3
TUS,DEN,207
TUS,DFW,205
TUS,IAH,126
TUS,LAS,101
TUS,LAX,226
TUS,MDW,31
TUS,MSP,29
TUS,OAK,2
TUS,ORD,95
TUS,PDX,56
TUS,PHX,237
TUS,PVU,8
TUS,SAN,60
TUS,SEA,92
TUS,SFO,68
TUS,SJC,58
TUS,SLC,77
TVC,DTW,119
TVC,ORD,112
TWF,DEN,7
TWF,LAX,6
TWF,SFO,7
TWF,SLC,107
TXK,DFW,87
TYR,DFW,116
TYS,ATL,255
TYS,CLT,170
TYS,DCA,88
TYS,DEN,9
TYS,DFW,116
TYS,DTW,109
TYS,EWR,33
TYS,FLL,23
TYS,IAD,52
TYS,IAH,90
TYS,LAS,9
TYS,LGA,45
TYS,MCO,8
TYS,MIA,61
TYS,MSP,30
TYS,ORD,131
TYS,PGD,11
TYS,PHL,66
TYS,PIE,17
TYS,SFB,27
UIN,CGI,5
UIN,ORD,53
USA,FLL,23
USA,MSY,8
USA,PGD,9
USA,PIE,23
USA,SFB,10
VEL,DEN,53
VLD,ATL,87
VPS,ATL,149
VPS,BLV,11
VPS,BWI,2
VPS,CLT,111
VPS,CVG,10
VPS,DCA,31
VPS,DFW,112
VPS,EWR,2
VPS,IAH,62
VPS,MCI,2
VPS,OKC,2
WRG,KTN,31
WRG,PSG,31
XNA,ATL,161
XNA,CLT,111
XNA,DCA,27
XNA,DEN,25
XNA,DFW,257
XNA,EWR,22
XNA,IAH,112
XNA,LAS,9
XNA,LGA,71
XNA,MSP,45
XNA,ORD,165
XNA,SFB,12
XNA,SFO,31
YAK,CDV,30
YAK,JNU,30
YUM,PHX,115
